# This file uses centimeters as units for non-parametric coordinates.

v 6.573218 1.020169 3.766753
v 6.708602 0.927616 4.091934
v 6.746277 0.984569 4.012565
v 7.167302 1.030721 4.799200
v 6.958786 1.021756 4.840607
v 7.010771 0.968099 4.679257
v 6.718808 1.032490 4.707387
v 6.755024 0.997873 4.381910
v 6.557366 0.965384 4.376422
v 6.262780 0.980772 3.826674
v 6.808677 0.939591 4.675494
v 7.087811 0.852483 4.868822
v 6.547249 1.057953 3.899095
v 6.465424 1.027523 3.990362
v 7.038997 1.028805 5.317390
v 7.232136 1.030725 5.166203
v 6.317482 0.914210 3.570031
v 7.124702 0.950713 5.282668
v 7.043662 0.913825 5.144687
v 6.940960 0.943754 5.439728
v 6.722818 0.915766 5.016336
v 6.631507 1.053958 4.461039
v 7.034435 0.938799 5.612219
v 6.724688 1.069790 5.175620
v 7.073336 1.065142 5.543728
v 6.908798 1.028498 5.764035
v 6.932336 0.891189 5.871597
v 6.888509 1.021326 5.997991
v 6.272017 1.073611 3.476245
v 5.979781 0.980035 3.080877
v 6.924441 1.019376 6.241292
v 6.936050 0.926771 6.383206
v 5.974704 0.958869 3.474760
v 6.740016 0.970810 5.680043
v 5.885613 1.071773 3.380513
v 6.831308 0.827739 6.079812
v 6.401237 1.096673 5.683184
v 6.847130 0.861207 6.547913
v 6.862478 0.917192 6.664348
v 6.837604 0.993888 6.591942
v 6.548322 1.027044 6.623409
v 6.526290 0.927778 5.968987
v 5.904539 1.150006 4.687999
v 5.725409 0.963746 5.026312
v 5.685992 0.966017 2.891870
v 5.602369 0.976199 2.999694
v 5.465416 1.137626 3.476995
v 6.423118 0.892466 6.689656
v 5.501124 1.080261 2.932336
v 5.490323 1.004596 5.864206
v 5.440063 0.955018 4.005304
v 5.307543 0.957672 3.484137
v 6.008103 0.953747 6.762759
v 5.267694 1.180587 3.858387
v 5.186229 0.937112 3.266037
v 5.700691 1.159007 5.555892
v 5.284795 0.915899 3.877181
v 5.121447 0.609858 4.009265
v 5.302461 0.900218 4.269542
v 5.874687 0.957656 6.259509
v 5.715455 1.059516 6.741064
v 5.483805 1.116961 6.434485
v 5.898855 0.869772 6.671739
v 5.349699 0.929976 5.071085
v 5.171948 0.578456 4.706396
v 5.139468 0.988381 6.550414
v 5.234331 0.986394 6.213660
v 5.234580 0.913909 5.784663
v 5.278949 0.912560 5.252095
v 5.212700 0.962346 6.801539
v 5.073637 1.101768 6.812083
v 5.035656 0.872766 3.406061
v 5.028904 0.570710 4.575195
v 4.885574 0.898031 3.507109
v 4.680245 1.238272 4.398932
v 4.774379 0.968276 2.917129
v 4.602711 0.808544 3.472609
v 4.631707 0.866157 4.233647
v 4.841547 0.777373 4.185517
v 3.904141 1.282809 2.245658
v 5.056341 0.619121 5.259793
v 5.042672 0.852489 6.020091
v 4.749110 0.958274 6.254405
v 5.128040 0.882753 6.168934
v 4.175754 0.602060 3.472916
v 4.105240 0.755035 3.628906
v 4.138076 0.714743 4.051399
v 5.195701 0.640302 5.367759
v 5.158808 0.736202 5.816761
v 3.965777 0.859249 3.705292
v 4.016260 0.866512 4.087839
v 4.162311 0.562909 4.695863
v 4.150856 0.817659 4.737758
v 3.816517 1.215080 6.284198
v 4.487283 0.758493 4.717495
v 4.494407 0.568858 4.487530
v 4.628793 0.525305 4.702082
v 4.548632 0.447568 4.910073
v 4.784326 0.931606 5.222710
v 4.416557 0.947329 4.981857
v 4.919218 1.003221 5.767604
v 4.625824 0.913265 4.543810
v 4.511056 0.911287 4.594146
v 4.654688 1.120468 6.820500
v 4.427643 0.299734 4.458230
v 4.418820 0.227688 4.190195
v 4.188071 0.226213 4.413829
v 4.480421 0.153403 4.633545
v 4.385748 0.150492 3.771267
v 5.031044 0.945416 5.576348
v 4.826929 0.857333 4.821324
v 4.382881 0.757989 4.922853
v 4.506854 0.459888 5.012387
v 4.206808 0.819900 3.078619
v 3.995665 0.902934 3.265488
v 4.223749 0.467140 2.961240
v 4.444246 0.157764 4.959339
v 4.510687 0.065886 4.667160
v 4.236876 0.718028 4.931635
v 4.487302 0.879995 6.781912
v 4.713215 0.955759 6.488162
v 4.968144 0.845871 5.082392
v 4.989367 0.865388 5.329224
v 4.169722 0.939324 4.952837
v 3.427683 1.355536 3.122561
v 4.498794 0.373674 3.584919
v 4.523602 0.394113 2.948048
v 4.460624 0.096639 3.134023
v 4.521459 0.718428 3.282689
v 4.549198 0.776546 4.237332
v 4.491626 0.561534 3.038946
v 4.220542 1.267178 4.959390
v 3.993294 1.052212 6.923150
v 3.721281 1.140120 6.896525
v 4.193881 1.136885 6.903767
v 7.244524 0.889182 5.272572
v 7.221204 0.926332 4.830457
v 4.257282 0.187486 3.131399
v 4.250223 0.178915 2.671263
v 4.057243 0.184433 2.907455
v 4.063418 0.266648 3.258030
v 4.084502 0.194158 3.336644
v 4.256320 0.451787 2.395814
v 4.109532 0.195464 2.341736
v 4.198945 0.995615 2.892155
v 4.112764 0.987601 2.768572
v 4.015838 1.021971 1.572233
v 3.765782 1.001366 1.539159
v 3.287136 1.004403 2.251664
v 3.167116 1.336753 1.002034
v 3.818432 1.220093 1.099014
v 4.303130 0.858881 2.672134
v 4.254462 0.912574 2.389222
v 4.146616 0.320451 2.170450
v 4.116451 0.990525 2.441871
v 4.456711 0.995840 2.167583
v 4.339612 0.129108 2.307188
v 4.689142 1.001072 5.983025
v 4.292344 0.750797 2.401344
v 4.123443 1.186980 1.304633
v 4.127207 0.201249 1.835297
v 4.355352 0.824517 2.266163
v 4.223133 0.426681 1.928220
v 4.164069 0.413666 1.707217
v 3.359049 1.259740 0.808938
v 4.124819 0.284981 1.410899
v 4.379643 0.649701 1.893156
v 3.579739 1.060530 0.885682
v 4.452200 0.136624 2.173903
v 4.416779 0.647882 1.991303
v 4.300808 0.444835 2.139120
v 4.390013 0.554056 2.233163
v 4.396025 0.732217 1.965880
v 4.347291 0.119410 1.696085
v 4.418889 0.152835 1.575670
v 4.184188 0.236582 0.879815
v 4.197767 0.311651 0.683270
v 3.953048 1.103361 0.782549
v 3.604439 1.242819 0.726568
v 3.722132 1.114325 0.455654
v 4.359059 0.197646 1.106874
v 4.296244 0.550352 1.658350
v 4.327048 0.747757 1.665666
v 4.014604 1.049065 0.818604
v 4.315201 1.041090 1.315247
v 4.243577 1.082501 1.082891
v 4.382438 0.337323 1.207407
v 4.375097 0.359101 1.656951
v 4.468346 1.195031 2.123943
v 4.322687 0.268220 0.703417
v 4.287157 0.250927 0.568273
v 4.469121 1.190538 1.741449
v 3.871937 1.044479 0.611475
v 4.462492 0.105868 2.561882
v 4.430725 0.461263 2.797391
v 4.551044 0.394494 2.448688
v 4.486863 0.835736 2.764087
v 4.411867 0.463105 2.435799
v 4.454633 0.370104 2.266362
v 4.410832 0.940388 2.316836
v 4.415194 0.775386 2.327366
v 4.485630 0.286594 1.783303
v 4.429713 0.628551 1.658391
v 4.718889 1.059272 1.656981
v 4.980925 1.008256 2.048341
v 4.809644 1.125310 1.952085
v 5.325444 1.010178 2.684679
v 5.093695 1.025843 2.300411
v 5.355821 1.097634 2.713982
v 5.047825 1.100168 2.321371
v 5.832580 1.030145 2.928000
v 3.397519 1.077224 6.990715
v 3.815446 1.071838 6.751597
v 3.609028 1.048431 5.819166
v 4.298505 1.013764 6.220477
v 4.331300 0.990746 6.490710
v 4.649754 0.963575 6.877965
v 3.772727 1.017573 5.295600
v 3.988526 0.185218 4.690632
v 4.133534 0.261356 5.010114
v 4.353271 0.334859 5.091515
v 4.205081 0.515038 5.024571
v 4.142736 0.426083 4.596278
v 3.665940 0.986407 4.618108
v 4.114922 0.162288 4.619823
v 4.030246 0.929898 4.620552
v 3.411935 1.350411 3.953372
v 4.195397 0.403685 4.204841
v 4.106853 0.215129 4.000025
v 3.595873 0.935189 3.591800
v 3.630966 1.290643 5.378555
v 3.490471 0.966700 3.020973
v -0.740901 2.090968 7.942143
v -0.665090 2.202333 7.482365
v -0.666348 2.105133 8.302004
v 0.929986 1.685940 9.348635
v 0.805747 1.888178 8.794491
v 0.917291 1.726782 8.749018
v 0.849437 1.863358 9.304951
v 0.988999 1.524397 8.752518
v 0.899791 1.329407 9.351588
v 0.821814 1.688501 9.322258
v 0.670321 1.883121 9.028402
v 0.816034 1.737373 9.074184
v 0.750490 1.434921 8.911816
v 0.662793 2.003819 9.329802
v 0.627796 2.037256 8.816470
v 0.528721 1.989594 9.344211
v 0.485881 1.935116 8.976822
v 0.187418 1.773560 8.932655
v 0.211583 1.924719 9.069513
v 0.359646 2.095728 9.249916
v 0.634971 1.704649 9.003775
v 0.281542 1.948627 9.354155
v 0.288249 2.036148 9.354303
v 0.325138 2.140650 8.455961
v 0.409655 2.102209 8.807134
v 0.184323 2.077248 9.000237
v 0.344567 1.564539 9.060591
v 0.493329 1.438566 9.081528
v -0.104680 1.980566 8.620093
v 0.156650 1.952713 9.134925
v -0.011132 1.579386 9.019882
v 0.074298 1.972353 9.314013
v 0.139319 1.687271 8.846205
v 0.079939 1.826946 9.329430
v -0.141575 2.475559 8.917872
v -0.324791 2.634768 8.986258
v -0.125135 2.447115 8.642399
v 0.154825 1.550837 8.866812
v -0.137622 2.233746 8.690792
v -0.123105 1.932047 9.059046
v -0.180109 1.952496 8.878346
v -0.237515 2.075010 8.840510
v -0.277784 3.193769 9.261691
v -0.291271 2.884026 9.090019
v -0.352389 2.733988 9.084234
v -0.246217 2.885266 7.973789
v -0.143616 2.264286 9.146969
v -0.164570 2.501024 9.322319
v -0.302283 2.584444 9.224439
v -0.331932 3.628359 9.445659
v -0.276194 3.598927 9.443659
v -0.248535 2.066315 9.122486
v -0.163218 2.366112 9.603548
v -0.180635 2.173145 9.521004
v -0.110817 1.782515 9.358161
v -0.091902 1.541027 9.335140
v -0.230965 2.569763 9.579124
v -0.034926 1.567558 9.223134
v -0.182984 1.900652 9.173407
v -0.311678 2.110592 9.189109
v -0.410817 2.535677 9.649345
v -0.243974 2.148897 9.672695
v -0.394990 2.168919 9.269222
v -0.410803 2.045553 9.165311
v -0.311450 1.619326 9.180531
v -0.254302 6.132648 8.882242
v -0.129180 6.056290 8.699118
v -0.142317 6.044491 9.077162
v -0.357328 6.060514 8.873178
v -0.353462 6.055843 8.398055
v 0.723094 2.061245 8.303434
v -0.181608 5.816628 8.552725
v -0.132884 5.744064 9.024524
v -0.231391 5.615355 9.106116
v 0.027485 2.128622 7.868635
v 0.472332 2.169813 7.955855
v -0.019521 2.090576 8.353228
v -0.093216 2.258757 8.382910
v -0.134971 2.517993 8.332702
v -0.020672 2.161653 7.916109
v -0.297121 6.278206 9.118512
v 0.605011 1.156078 8.953968
v 0.316743 1.371256 9.043847
v -0.253672 6.162340 9.355913
v -0.417049 5.987576 9.049503
v -0.201978 5.959753 9.511062
v -0.269208 5.652945 9.390637
v -0.392415 6.057869 9.344388
v -0.378119 6.151550 9.633671
v -0.312315 5.248436 9.112757
v -0.317353 5.556091 9.173624
v -0.286819 5.574183 9.245118
v -0.315785 6.195749 9.779303
v -0.272272 5.218536 9.030580
v -0.223075 6.083361 9.824071
v -0.283594 5.467781 9.434872
v -0.247629 5.552032 9.618135
v -0.305478 5.473639 9.566706
v -0.319054 5.471760 9.696248
v -0.262289 5.253101 9.498901
v -0.126650 5.901587 10.093394
v -0.282980 5.514891 9.552723
v -0.303762 5.561251 9.521932
v -0.319218 5.580786 9.613919
v -0.402062 6.051222 10.371904
v -0.351310 5.842802 9.449352
v -0.186568 5.599667 10.141981
v -0.237175 5.404715 9.701400
v -0.198416 5.233612 10.168897
v -0.319491 5.360373 9.677215
v -0.136409 5.885311 10.342982
v -0.271231 6.236082 10.157997
v -0.166673 2.039429 8.429139
v -0.325237 5.455692 10.027238
v -0.297959 6.384722 10.306551
v -0.267701 5.632656 10.451968
v -0.243771 6.323967 10.509660
v -0.233186 6.059464 10.650906
v -0.230231 5.824865 10.502920
v -0.349130 6.212545 10.331288
v -0.340460 5.767042 10.371281
v -0.278034 6.413837 10.674649
v -0.289851 5.288418 10.285641
v -0.194914 5.850861 10.712342
v -0.303023 2.610331 8.224429
v -0.371548 5.873249 10.664715
v -0.266265 6.208271 10.868001
v -0.145635 5.990402 10.814698
v -0.422476 6.137224 10.669168
v -0.393271 6.195919 10.849200
v -0.235200 5.868406 10.921739
v -0.370516 5.860445 10.868630
v -0.324157 5.242930 7.911014
v -0.330686 4.994755 8.410651
v -0.390257 3.358021 7.844202
v -0.347694 4.159603 8.492684
v -0.339011 5.003895 8.779641
v -0.331055 4.238016 8.558678
v -0.344569 4.130867 8.648924
v -0.262248 4.182556 8.600067
v -0.415547 2.922800 8.126746
v 0.990288 1.299240 8.503939
v 0.945964 1.281683 9.304245
v 1.388076 1.164420 8.290510
v 1.377236 1.240269 8.277023
v 1.449883 1.261475 7.685449
v 1.428848 1.115532 7.723325
v 1.158190 1.319951 8.365348
v 1.296549 1.097028 7.638507
v 1.028961 1.091898 8.286320
v 1.127139 1.421329 7.945775
v 1.066787 1.397496 8.337929
v 0.702361 0.865011 7.991130
v 0.972964 0.978344 7.731512
v 0.960786 1.809741 8.350969
v 0.861944 1.011459 8.611931
v -2.044458 1.243587 8.318903
v -2.020725 1.112806 8.074431
v -2.055965 1.285511 7.959057
v -1.751413 1.119452 8.293333
v -1.796856 1.344039 8.297363
v -2.116990 1.113337 7.840323
v -1.717985 1.304585 8.384337
v -1.785402 1.079995 7.915024
v 0.841334 1.425402 9.109577
v -1.728479 1.548090 8.390684
v -1.702342 1.604486 8.793439
v -1.629082 1.232843 8.736511
v -1.696697 1.707678 7.709563
v -1.630978 1.854228 8.174472
v -1.850429 1.402171 7.819202
v -1.465746 0.960254 8.356266
v -1.406829 0.861843 7.973864
v -1.179488 0.866726 8.576914
v -1.054894 0.748649 8.077743
v -1.139231 1.122898 8.876818
v -1.170614 1.365721 9.050507
v -0.839413 1.330027 8.954968
v -1.511336 0.872126 7.384153
v -0.722101 0.862724 8.294996
v -0.925731 0.876648 8.745043
v -0.526465 0.891153 8.796503
v -0.330549 0.841612 8.767509
v -0.503813 0.892090 8.358185
v -0.609105 0.976110 8.488302
v -0.595066 1.024342 9.004599
v -0.884041 0.767320 7.748566
v -1.619023 1.784592 8.701816
v -1.355529 2.020332 8.853133
v -1.450839 2.036297 8.392817
v -1.340748 2.113407 7.907144
v -1.487570 1.981233 7.593909
v -1.142962 2.110716 8.493658
v -1.043009 2.153563 7.736318
v -0.891298 2.118135 8.465815
v -0.824024 2.064262 8.837143
v -0.624391 2.045490 8.574106
v -0.560048 2.369046 8.475363
v -0.482675 2.177618 9.005764
v -0.506122 2.065693 8.581512
v -0.505748 2.488804 8.849355
v -0.540733 2.523052 8.337276
v -0.381350 3.000364 9.007889
v -0.379083 2.612180 8.474027
v -0.602426 2.468177 7.347157
v -0.386169 2.619856 8.153904
v -0.243601 5.651579 8.228478
v -0.234467 5.367307 7.885286
v -0.235616 5.573126 8.398766
v -0.303386 5.784702 8.002761
v -0.312794 5.587488 8.346174
v -0.379939 6.000124 8.158426
v -0.293963 5.389597 7.913540
v -0.300352 6.019796 8.025521
v -0.187100 6.044268 8.408159
v -0.200910 5.681086 8.068165
v -0.139781 6.069691 8.124890
v -0.256272 4.197014 8.468107
v -0.320130 4.769667 8.812614
v -0.260652 4.393764 8.590451
v -0.251500 3.312211 7.813344
v -0.238987 5.019709 8.756598
v -0.239138 4.363564 8.328120
v -0.310933 5.433607 8.839845
v -0.234500 4.986613 7.379176
v 0.796775 1.002680 9.306418
v 0.755416 0.901913 8.420645
v 0.690090 1.250944 9.024557
v 0.840903 1.006887 9.012465
v 0.664032 1.044247 9.332134
v 0.653545 0.843424 8.333460
v 0.545445 0.904091 9.313930
v 0.428768 0.781690 8.289528
v 0.077896 0.830444 7.938344
v 0.439882 0.781728 7.912488
v 0.264596 0.872126 8.432005
v -0.074219 0.891875 8.329809
v 0.288683 0.881262 8.955233
v 0.034002 0.974519 8.440249
v -0.306536 0.920329 7.831964
v -0.091808 0.896038 8.833240
v 0.371430 1.106249 8.960083
v 0.141027 1.177208 8.960071
v -0.373926 5.800364 8.781806
v -0.247436 4.630720 9.286039
v -0.345283 4.168926 9.682380
v -0.258494 4.870958 9.790333
v -0.270276 4.273689 9.739978
v -0.283200 3.762232 9.544308
v -0.200978 4.757416 9.978539
v -0.380536 3.418118 9.199601
v -0.362098 3.752941 9.151361
v -0.264300 5.022736 10.143488
v -0.284488 4.717754 9.840675
v -0.321550 4.673344 9.864564
v -0.324576 4.894794 10.018394
v -0.325790 4.698286 9.852109
v -0.340642 4.433632 9.862642
v -0.284224 4.666136 10.009668
v -1.416310 1.847553 9.354757
v -1.684387 1.508356 9.314106
v -1.597254 1.766245 9.345720
v -1.361365 2.023424 9.358188
v -1.280645 1.873585 9.076010
v -1.547450 1.486017 9.053295
v -1.135044 2.085194 9.235518
v -1.221363 1.790756 8.998690
v -1.358038 1.618311 8.916135
v -1.110753 1.976822 9.331985
v -0.746505 1.985905 9.350145
v -0.865205 1.971746 9.332881
v -0.991398 1.963104 9.018076
v -0.974494 1.817305 8.940594
v -0.972464 1.487957 9.040040
v -0.542689 1.693760 9.306973
v -0.745154 1.886822 9.021309
v -0.788334 1.789076 8.788724
v -0.562206 1.936708 9.174515
v -0.625985 1.712511 8.990784
v -0.455293 2.310440 9.609201
v -0.400499 1.483774 9.200967
v -0.580288 1.962866 8.846380
v -0.716144 1.594456 8.836094
v -0.509244 2.481567 9.251865
v 0.860659 1.958194 7.862142
v 0.327519 0.970377 9.312717
v 0.060107 1.428123 8.889325
v -1.534454 1.097080 9.292959
v -1.587817 1.347696 9.311163
v -1.440452 1.109116 9.289961
v -1.403458 0.967121 9.054662
v -1.279441 0.923651 9.316733
v -1.495023 1.259027 9.003974
v -1.271257 1.053093 9.057621
v -1.220975 0.963333 9.329188
v -1.428067 1.306293 8.943922
v -0.854473 0.986519 9.304039
v -0.899866 1.101088 8.911043
v -0.912301 0.887609 9.316348
v -0.683968 1.000660 9.304619
v -0.611208 1.211670 9.318029
v -0.740942 1.108080 9.108994
v -0.674953 1.331970 8.974568
v -0.550561 1.480181 9.079714
v -0.447918 1.432480 9.362633
v -0.443279 1.006657 9.147833
v -0.427709 1.241657 9.174902
v -0.208018 1.543001 9.167627
v -0.056917 1.079733 9.133034
v -0.089250 1.164274 9.315590
v -0.024955 1.198809 9.292312
v 0.094566 1.112389 9.346401
v 0.005401 1.186443 9.047863
v -0.152824 1.482210 9.068701
v 0.242139 0.921818 9.290458
v 0.752494 1.301856 -7.116455
v 0.960351 1.472833 -6.179977
v 0.838805 1.416155 -6.722482
v 0.854075 1.588374 -6.568885
v 1.083137 1.819805 -5.481431
v 0.710250 1.762385 -6.552320
v 0.452061 1.928788 -6.886547
v 1.254478 1.584571 -5.028315
v 0.926692 1.385695 -5.875548
v 0.432106 1.810879 -7.528325
v 1.417787 1.912981 -4.515352
v 0.675551 1.990284 -5.634797
v 1.098219 2.051182 -4.425168
v 1.277003 1.550907 -4.727116
v 1.273834 1.431656 -4.627493
v 1.436921 1.695351 -4.636976
v 0.267524 2.291300 -1.575089
v 0.101581 2.505790 -0.639208
v 0.218904 2.470113 -2.098179
v 1.410471 1.613447 -4.440785
v 1.399823 1.390812 -4.251515
v 1.386137 1.610908 -4.090183
v 0.154125 2.414784 -7.492253
v 0.112448 2.171020 -7.859522
v 0.272810 2.037482 -7.758550
v 0.138995 2.679191 -7.218840
v -0.004553 2.494128 -7.453485
v -0.186368 2.227218 -7.831068
v 0.339923 2.213399 -7.220183
v -0.095709 0.957914 -11.238376
v -0.083995 0.905092 -11.252184
v -0.041238 0.967373 -10.830054
v -0.159292 1.071297 -10.806479
v -0.032210 1.095682 -10.631284
v 0.094971 1.078564 -10.258741
v 0.060146 0.854181 -10.246628
v 0.179337 0.978388 -9.990365
v -0.119855 0.903444 -11.474406
v -0.119122 0.876070 -11.326035
v -0.024770 1.240633 -10.277320
v 0.121141 1.301105 -9.754656
v 0.222604 1.133915 -9.662190
v -0.121844 0.869322 -10.902832
v -0.151041 0.948854 -11.333669
v -0.218008 0.965117 -11.057012
v -0.174409 0.898827 -11.274696
v 0.219651 0.975542 -9.607273
v -0.040037 1.428110 -9.825834
v -0.152302 0.905155 -11.504601
v -0.155302 0.802425 -10.267764
v 0.249372 1.422035 -9.071396
v 0.002133 0.772791 -9.692165
v -0.274561 1.006113 -10.804869
v -0.288694 0.915377 -10.673615
v 0.384654 2.429926 -7.050924
v -0.358598 1.096895 -10.382671
v 0.065160 1.683054 -9.063292
v -0.213396 1.368443 -9.998281
v 0.299298 1.158863 -9.183358
v -0.394040 1.326794 -9.841395
v 0.087703 0.729454 -9.090521
v 0.306992 1.005835 -9.028270
v 0.227547 2.532998 -6.730724
v -0.444645 0.969893 -9.988019
v -0.304275 0.834225 -10.038778
v 0.438141 1.293334 -8.594232
v -0.140495 1.655718 -9.340995
v 0.340527 2.463352 -6.746682
v 0.402962 2.314399 -6.643807
v 0.475648 1.458795 -8.083278
v 0.485189 1.152227 -8.086420
v -1.925130 0.666931 -1.544743
v -1.691048 0.466664 -1.366380
v -1.821842 0.492814 -1.794297
v -0.407532 1.712372 -9.000202
v 0.438494 2.113462 -6.898066
v -0.130890 1.842217 -8.885217
v 0.283017 0.766436 -8.344454
v 0.118486 1.927083 -8.499408
v 0.203746 1.920006 -8.232595
v -0.065952 1.960245 -8.660246
v 0.494291 1.970467 -6.293043
v -0.143830 0.727850 -9.566316
v -0.173700 2.678327 -7.305176
v 1.447547 1.329948 -4.457515
v 1.391102 1.111932 -4.405252
v 1.454018 1.335824 -4.115870
v -0.096131 2.087209 -8.180136
v 1.389226 1.242734 -4.607276
v 0.140651 0.631090 -8.471797
v 0.652755 1.125888 -6.000452
v 0.601643 1.085846 -7.213860
v 0.402804 2.545522 -6.539202
v -0.382643 0.826115 -9.495477
v 0.415245 2.199504 -6.596760
v -0.484047 1.931866 -8.526595
v -0.257354 0.716585 -9.285761
v -0.115838 0.617447 -8.801181
v -0.500378 2.039900 -8.049080
v 0.203219 0.660816 -8.040662
v -0.190820 0.506468 -7.750615
v -0.310355 0.559262 -8.258562
v -0.544620 0.790165 -8.680538
v -0.006382 0.559891 -8.059538
v 1.766236 1.823070 -4.353965
v 1.803383 1.893292 -4.055718
v 1.628123 1.888467 -4.337233
v 1.610872 1.718234 -4.394499
v 0.626533 1.293066 -7.515929
v 0.718620 1.506680 -7.223845
v 1.634988 1.788177 -4.153540
v 0.553486 1.549182 -7.625975
v 1.347375 1.998174 -3.949085
v 1.511394 1.707647 -4.006620
v 1.320758 1.782825 -4.886899
v -0.782601 1.169876 -8.883576
v -1.069757 1.362672 -7.458138
v -0.927711 1.124866 -8.276977
v -0.817089 1.494672 -8.411418
v -1.010087 1.558925 -7.402485
v -0.701484 0.778423 -7.585270
v -0.528800 0.660661 -8.140963
v -0.863670 0.937310 -8.208392
v -0.810503 1.019764 -8.582468
v -0.707919 0.950134 -8.945225
v -0.582397 1.715075 -8.703294
v -0.716372 1.856746 -7.988387
v -0.609138 1.028524 -9.411367
v -0.584241 1.418802 -9.270940
v -0.619054 1.203823 -9.432812
v -0.496103 1.155828 -9.841122
v -1.851655 0.606584 -4.172806
v -1.702564 0.576388 -4.310566
v -1.854798 0.733455 -4.347020
v -1.743386 0.931807 -4.379644
v -1.850339 1.038532 -4.364868
v -1.801115 1.301695 -4.390173
v -1.521655 0.531888 -4.231422
v -1.652985 0.902221 -4.175488
v -1.429032 0.225789 -4.342659
v -2.253324 1.824104 -4.148073
v -2.023154 1.757910 -4.244443
v -2.191302 1.779496 -4.287318
v -1.715555 1.303326 -4.379779
v -1.800944 1.393332 -4.621287
v -1.859792 1.412530 -4.361484
v -1.869845 1.899382 -4.459882
v -1.828488 1.307986 -4.083549
v -1.749835 1.605094 -4.579344
v -1.808825 1.696737 -4.728883
v -1.808702 1.489281 -4.145821
v -1.773326 1.865783 -4.750033
v -1.796537 1.683213 -4.316582
v -1.588215 1.298135 -4.560864
v -1.779450 1.678524 -3.970893
v -1.643148 1.297117 -4.195347
v -1.617221 1.549379 -4.758401
v -1.744986 1.612811 -4.944955
v -1.199590 1.088314 -4.607390
v -1.142544 1.143778 -4.695436
v -1.294456 1.375038 -4.839417
v -1.599067 1.725694 -5.429705
v -1.479622 1.878087 -5.329319
v -1.074079 0.125125 -4.358059
v -1.080578 0.241381 -4.219674
v -1.367937 0.160389 -4.067195
v -1.228489 1.367922 -5.308262
v -1.006933 2.114053 -4.446954
v -1.576745 2.028524 -3.941099
v -0.949167 2.078802 -5.104225
v -1.492058 1.525595 -5.693051
v -0.751006 0.295254 -4.258286
v -1.091662 0.942574 -4.342645
v -0.663734 0.276574 -4.394732
v -0.867750 0.710967 -4.601398
v -1.467407 1.767080 -5.756907
v -1.233210 1.773399 -6.136758
v -1.354346 1.448857 -6.268747
v -1.360893 1.606276 -6.190047
v -1.044875 1.264793 -4.724117
v -0.917458 1.059690 -4.775928
v -0.947138 2.015593 -5.715448
v -1.009285 1.193817 -5.109785
v -0.576889 0.323374 -4.613059
v -0.439133 0.195497 -4.546543
v -0.617747 0.203418 -4.172708
v -0.464665 0.244459 -4.099399
v -0.606552 0.562728 -4.575994
v -0.566004 0.564784 -4.643344
v -0.716577 0.749796 -4.750866
v -0.410781 0.421839 -3.897297
v -0.371009 0.415069 -4.325312
v -0.477498 0.448046 -4.489040
v -0.969541 1.141386 -6.011135
v -1.164736 1.639971 -6.738389
v -1.142436 1.310353 -6.354524
v -0.224115 0.384985 -4.625334
v -0.642172 0.650660 -5.872926
v -0.926353 2.186210 -4.442331
v -0.855349 2.540324 -4.970829
v -0.895367 2.249110 -5.112919
v -0.699493 2.406604 -5.186405
v -0.709700 2.574747 -3.885847
v -0.688221 2.692867 -4.485163
v -0.741843 2.812586 -5.028471
v -0.380253 2.902270 -4.645182
v -0.455357 0.502935 -5.333879
v -0.899451 2.186739 -5.601776
v -1.174538 1.388598 -6.964076
v -0.669002 2.133704 -5.460690
v -0.633414 2.861685 -4.823523
v -0.595151 2.091645 -5.195508
v -0.908122 1.881240 -6.757808
v -1.037757 1.248345 -7.484385
v -0.907529 2.156163 -6.243585
v -0.886622 2.179345 -5.901681
v -0.665498 0.697175 -6.565801
v -0.934627 1.968737 -6.196693
v -0.561777 2.076654 -6.098586
v -0.191856 1.993087 -5.729021
v -0.537606 2.066793 -5.763497
v -0.511550 0.556280 -6.290809
v -0.569849 2.025023 -5.648685
v -0.334516 0.448014 -5.712941
v -0.811690 2.224124 -6.058809
v -0.175467 1.969410 -6.155528
v -0.391700 2.098201 -5.716920
v -0.594690 2.897776 -5.109301
v -0.565333 2.279220 -5.379249
v -0.512120 2.430417 -5.595892
v -0.430142 2.643421 -5.414310
v -0.870310 1.819946 -7.348283
v -0.370774 2.184923 -6.481782
v -0.163429 2.008447 -6.318294
v -0.444056 2.050638 -6.387870
v -0.895879 2.095223 -6.561335
v -0.820236 2.183300 -6.513435
v -0.301391 0.436135 -6.235308
v -0.820007 2.384244 -6.232807
v -0.838913 2.397589 -6.434395
v -0.418411 2.408856 -5.429401
v -0.698565 2.085429 -5.917864
v -0.788165 2.264296 -6.580297
v -0.390988 3.053936 -5.338989
v -0.867086 2.194639 -6.947123
v -0.527837 2.187811 -6.409939
v -0.310000 2.891779 -5.435276
v -0.334896 2.644716 -5.551661
v -0.766332 2.398227 -6.756990
v -0.765051 2.494061 -7.079306
v -0.362593 0.488384 -6.923431
v -0.562863 0.634027 -7.250330
v -0.178759 0.328410 -6.539525
v -0.217394 2.826893 -5.567253
v -0.613226 2.275231 -6.568760
v -0.788323 2.077374 -7.385114
v -0.218300 2.449162 -5.669884
v -0.553786 2.449613 -6.896822
v -0.134881 0.495574 -7.468625
v -0.213433 2.554019 -6.710669
v -0.572041 2.635234 -7.241215
v -0.646088 2.295993 -7.445259
v -0.261556 2.663388 -7.173145
v -0.481229 2.475269 -7.388662
v -0.274312 2.587387 -7.023539
v 0.084364 2.588434 -1.608955
v -0.157434 2.616313 -1.103205
v -0.159423 2.648438 -1.956005
v 0.046159 2.601595 -2.180307
v 0.094090 0.359621 -1.577795
v -0.242734 0.446158 -1.586903
v 0.059109 0.590322 -1.258830
v -0.054110 0.366921 -1.850098
v -0.489715 0.371092 -1.961902
v -0.353215 0.369490 -1.650374
v -0.363516 0.627149 -1.500577
v -0.130036 0.449108 -2.149988
v -0.450907 0.458279 -2.226931
v 0.150497 0.480177 -2.065554
v 0.120369 0.443706 -2.567672
v 0.217015 0.316743 -1.955022
v -0.213486 0.443392 -2.853543
v 0.489261 0.219828 -1.533807
v 0.146242 0.453558 -2.948609
v -0.162342 0.396384 -3.203639
v -0.381165 0.388965 -3.317578
v -0.026409 0.403008 -3.927940
v -0.494202 0.416754 -3.624546
v 0.200801 0.320925 -2.645445
v -0.171862 0.372114 -4.390114
v 0.165770 0.285606 -3.106832
v 0.319424 0.244187 -2.912928
v 0.075456 0.391031 -3.567745
v 0.156179 0.461775 -3.357104
v 0.208810 0.243402 -3.835626
v -0.077762 2.681603 -2.754234
v 1.460081 1.377901 -2.853363
v 1.374367 1.518465 -3.039207
v 1.377466 1.293262 -3.257816
v 0.775168 0.093303 -2.674809
v 0.784037 0.092710 -2.351670
v -0.215036 2.693133 -2.699566
v 0.062360 0.176305 -4.078264
v 0.200055 0.307647 -3.429955
v 0.702662 0.088454 -3.125688
v 0.267396 0.170156 -4.252243
v 0.324493 2.277778 -2.254550
v 0.255448 2.510792 -2.810432
v 0.829620 0.148692 -1.380748
v 0.390202 2.268448 -1.115045
v -0.262738 2.778490 -3.116997
v -0.436646 2.648468 -2.799561
v 0.849736 2.192064 -1.794183
v -0.039489 2.781472 -3.074512
v -0.495084 2.732319 -3.093710
v 0.200883 2.579019 -2.865028
v 1.061574 0.267846 -1.226412
v 1.016150 0.144372 -2.228874
v -0.381537 2.697900 -3.340149
v -0.455628 2.707316 -3.739941
v -0.146944 2.672550 -3.636921
v 0.294014 2.575944 -3.396910
v 0.137213 2.603999 -3.690083
v 0.148099 2.638581 -3.161528
v 1.279467 0.288266 -2.331706
v 1.297390 0.424490 -1.315988
v 0.935011 0.104177 -3.060414
v 0.405114 0.239575 -4.279379
v 0.531547 0.265172 -4.126216
v 0.570996 0.592578 -4.166081
v 0.823712 0.082838 -3.741961
v 1.609287 0.675851 -1.322421
v 0.349175 2.247774 -2.954672
v 0.826550 0.070887 -4.224310
v -0.074397 2.844648 -4.458389
v 0.415685 2.191246 -3.839312
v 0.309067 2.496985 -3.744366
v 0.217772 2.637541 -4.246819
v 0.374872 2.435369 -4.379273
v 0.460279 2.191397 -4.438924
v 0.586783 2.146650 -4.249889
v 1.254107 0.303576 -3.185569
v 1.155284 2.096670 -2.465133
v 1.129150 2.108364 -1.273929
v 0.965153 2.138206 -3.126875
v 1.379800 0.425901 -3.229858
v 1.591997 0.651507 -2.445314
v 1.066045 0.155617 -3.746030
v 1.527852 1.505352 -1.556448
v 1.359883 1.901494 -1.065877
v 1.469688 1.560411 -1.982900
v 1.289586 2.015707 -1.567981
v 1.750381 0.801518 -2.135495
v 0.730114 0.275296 -4.069665
v 1.100762 0.428174 -4.244155
v 0.864615 0.496885 -4.077340
v 0.922033 0.163990 -4.348205
v 0.653590 0.485479 -4.089797
v 1.396609 1.856120 -2.064491
v 0.664640 0.757036 -4.020055
v 0.913182 0.846606 -3.972772
v 1.604468 1.363190 -1.869858
v 0.774799 0.916496 -3.970032
v 1.300681 2.053723 -3.017008
v 1.482516 1.322015 -2.377313
v 1.592666 1.497511 -2.075891
v 1.534234 1.446617 -2.513189
v 1.482911 1.603808 -2.389491
v 0.942030 1.001400 -4.214268
v 0.719104 0.852242 -4.555366
v 1.051485 1.085371 -3.907732
v 1.405846 1.957533 -2.520124
v 1.478370 1.274201 -2.610686
v 1.586558 1.150195 -2.391850
v 1.252648 1.170242 -3.689614
v 1.143323 0.860652 -3.991120
v 1.288034 0.879232 -4.077224
v 1.199620 1.148545 -3.768967
v 1.462020 1.836802 -2.466480
v 1.239031 0.286987 -4.370976
v 1.374973 1.596093 -2.838737
v 1.448623 1.930920 -2.950810
v 1.630355 1.136214 -2.604772
v 1.463068 1.742094 -2.641587
v 1.323863 0.554443 -4.388433
v 1.507802 1.715948 -2.876710
v 1.415051 1.606551 -3.314497
v 1.531643 1.163497 -3.052389
v 1.525982 1.022112 -3.675156
v 1.411946 1.229431 -3.858841
v 1.298033 1.286808 -3.576050
v 1.141894 1.306616 -3.716953
v 1.064053 1.278972 -3.903450
v 1.301289 1.146704 -4.415169
v 1.627353 0.774888 -3.095754
v 1.391422 0.432447 -4.333692
v 1.366333 1.246799 -4.004202
v 1.268392 1.445927 -3.930585
v 1.305813 1.308835 -4.021000
v 1.308566 1.208213 -3.971053
v 1.567754 0.806126 -3.849407
v 1.405171 1.651533 -3.629562
v 1.535422 1.692803 -3.382001
v 1.499765 1.917007 -3.782989
v 1.349234 0.988004 -4.371772
v 1.511278 1.860399 -3.402740
v 1.445255 0.799555 -4.425526
v 1.861670 1.006798 -0.973924
v 1.841340 0.986647 -1.736761
v 1.966849 1.264448 -1.311358
v 1.940156 1.209576 -1.895890
v 1.955163 1.056630 -1.954182
v 1.852788 1.151795 -2.038795
v 1.942059 1.057676 -1.482243
v 2.017962 1.155778 -1.492782
v 1.639052 1.744240 -2.147250
v 1.763951 1.807103 -2.027940
v 1.663959 1.802975 -2.435719
v 1.702421 1.933887 -2.066331
v 1.889429 0.957194 -2.419520
v 1.676639 0.878776 -2.646423
v 1.629497 1.958004 -2.381549
v 1.542589 1.795471 -3.705409
v 1.793067 0.961339 -2.968294
v 1.922459 0.985514 -2.600077
v 1.912765 1.062664 -2.237993
v 1.691345 0.896521 -3.419414
v 2.042600 1.761963 -1.929922
v 2.275041 1.865888 -1.869681
v 1.892730 1.692456 -2.662037
v 1.697851 1.704436 -3.050159
v 2.024544 1.794565 -2.172168
v 1.672454 1.943702 -3.194544
v 2.432239 1.712276 -1.833636
v 2.074187 1.949426 -2.095408
v 2.104399 1.748771 -2.501252
v 1.960516 1.679556 -3.326051
v 2.260719 1.741337 -2.003013
v 2.055396 1.698185 -2.994431
v 1.668205 1.804530 -3.427284
v 2.426068 1.769338 -2.213161
v 1.829055 1.946030 -3.566319
v 1.751910 1.803250 -3.657410
v 2.450094 1.901804 -1.868084
v 2.017972 1.802438 -3.416986
v 2.219780 1.779695 -2.780471
v 2.790264 1.858364 -1.683405
v 1.975252 1.735051 -3.852169
v 2.505473 1.760893 -1.878479
v 1.923004 1.737266 -4.138379
v 2.216972 1.781784 -3.245283
v 2.165787 1.839023 -3.828420
v 2.570016 1.887060 -3.149895
v 2.272221 1.758482 -3.644274
v 2.710493 1.748362 -2.649907
v 2.506791 1.751603 -3.198844
v 2.711324 1.764112 -1.736417
v 2.687443 1.806280 -3.189976
v 2.926901 1.692137 -1.703989
v 3.060206 1.886482 -1.812209
v 2.895444 1.753626 -2.101461
v 3.207950 1.861714 -2.295375
v 2.869465 1.731905 -2.859675
v 2.992609 1.796226 -2.818666
v 3.137788 1.730475 -2.556736
v 3.188839 1.827275 -1.583831
v 3.122405 1.726417 -1.976100
v 3.235610 1.798404 -1.847623
v 3.282619 1.774341 -2.374976
v -3.647849 1.744482 -1.856694
v -2.996577 1.738875 -1.970050
v -3.609201 1.706882 -2.400429
v -3.670812 1.769761 -2.531192
v -3.675723 1.815371 -1.801635
v -3.580460 1.775108 -1.689236
v -3.349302 1.873646 -1.788933
v -3.592079 1.879654 -1.851781
v -3.662088 1.855337 -2.343734
v -2.972674 1.815554 -1.862803
v -3.121428 1.906687 -2.198259
v -3.568384 1.744329 -2.712812
v -3.540215 1.825885 -2.761373
v -2.600218 1.746944 -2.170740
v -3.310421 1.790745 -2.999808
v -3.460713 1.771127 -2.701242
v -3.162587 1.753025 -3.026203
v -3.190764 1.860036 -2.846942
v -3.084058 1.815712 -3.254749
v -2.654945 1.848424 -1.941105
v -2.726046 1.938141 -1.935092
v -2.512813 1.126456 -1.436951
v -2.488312 1.138206 -1.856133
v -2.480038 1.257217 -1.346772
v -2.455770 1.207241 -1.843449
v -2.272101 1.743126 -2.295186
v -2.711099 1.777920 -3.645777
v -2.809047 1.838739 -3.564672
v -2.206014 1.944878 -2.082794
v -2.130552 0.918811 -1.653381
v -2.562462 1.767454 -2.711644
v -2.635704 1.758867 -3.324474
v -2.233324 1.893178 -3.813984
v -2.242826 1.025878 -2.195356
v -2.358102 1.085135 -2.473102
v -2.215036 1.346419 -1.857034
v -2.109330 1.494228 -1.021676
v -2.340631 1.779700 -2.001675
v -2.165472 1.846152 -2.059927
v -2.153380 1.949436 -2.732740
v -2.120950 1.309705 -2.353059
v -2.334651 1.711061 -2.898042
v -2.070723 0.902309 -2.447611
v -2.285865 1.686517 -2.624551
v -2.205224 1.031928 -2.705703
v -2.259687 1.072073 -2.871148
v -2.167859 0.983319 -3.269754
v -1.941831 1.729127 -2.480628
v -2.091151 1.942425 -2.301777
v -2.518876 1.840730 -3.935890
v -2.494031 1.782970 -3.847071
v -2.306721 1.765682 -3.495398
v -2.145876 1.685369 -3.322378
v -1.855395 1.689508 -2.662762
v -1.738946 0.486211 -0.988202
v -2.117781 1.737546 -3.724588
v -2.061556 1.718079 -3.342933
v -2.318688 1.748190 -3.996949
v -2.010123 1.551884 -1.832961
v -2.022318 1.574016 -1.316963
v -2.001836 1.464822 -2.069169
v -0.005318 2.591215 -6.894186
v -1.920881 1.342775 -2.785919
v -1.987364 1.487447 -2.403733
v -2.069790 1.817370 -2.292636
v -2.026287 0.914934 -3.175276
v -1.697632 0.370456 -2.324318
v -1.943911 1.765026 -2.327662
v -1.824435 1.972805 -1.859550
v -1.905548 1.881772 -2.331210
v -1.996218 1.152236 -3.347316
v -1.461936 0.234528 -2.181083
v -1.620986 2.106710 -0.959299
v -1.830451 1.981828 -2.380284
v -1.937127 1.951602 -2.533109
v -1.404050 0.350017 -1.346269
v -1.408955 0.325701 -1.678450
v -1.032794 0.285153 -1.466462
v -1.978032 1.890315 -3.583316
v -1.607572 0.353341 -3.150805
v -1.856905 1.651612 -3.018177
v -1.826872 1.545746 -3.165981
v -1.817743 1.674224 -3.280994
v -1.543433 2.109036 -2.142687
v -1.871682 0.754302 -3.670059
v -1.644473 0.334723 -3.603268
v -1.996694 0.967814 -3.845238
v -1.861265 1.356851 -3.240357
v -1.964280 1.770011 -3.643032
v -1.421528 0.229025 -2.787121
v -1.656819 1.472997 -3.439280
v -1.833317 1.768338 -3.554097
v -1.778535 1.363411 -3.649904
v -1.249820 2.152272 -2.840172
v -1.641695 0.335018 -4.042972
v -1.737468 1.570251 -4.046948
v -1.779948 1.376459 -3.974241
v -1.440969 0.209573 -3.501609
v -1.462939 1.202449 -3.937329
v -1.677196 1.280159 -3.633205
v -1.300527 1.051217 -3.844583
v -1.183415 0.201819 -2.740328
v -1.162457 0.180425 -3.281056
v -1.139690 0.217000 -2.236611
v -0.640148 0.315179 -2.006123
v -0.689460 0.308154 -1.385854
v -1.625814 1.258280 -3.943333
v -1.671834 1.086404 -3.858702
v -1.095344 0.377607 -3.997834
v -0.981498 0.707390 -3.944082
v -1.088012 0.930075 -3.813597
v -1.200021 0.118468 -3.718355
v -1.549371 0.954881 -3.876599
v -1.330526 0.784783 -3.930859
v -1.495043 1.403838 -3.971105
v -0.374245 0.520097 -1.369849
v -0.837800 0.227067 -3.429016
v -0.581114 0.355647 -2.415753
v -1.071569 2.217777 -1.961496
v -0.823535 2.218064 -2.876800
v -0.780375 2.250385 -1.989689
v -0.606895 0.332138 -2.883231
v -0.502120 0.482636 -2.939019
v -0.966360 0.094570 -3.898930
v -0.644944 0.282388 -3.656639
v -0.497251 0.323530 -3.078671
v -0.906058 0.344056 -3.883715
v -0.734631 2.302257 -1.253361
v -0.806950 2.263034 -0.877784
v -0.551733 2.549314 -1.198175
v -0.663133 2.485320 -1.664921
v -0.532250 2.594519 -2.097443
v -0.723053 2.449748 -2.283237
v -0.690116 2.520869 -2.804527
v -0.774182 2.481413 -3.280394
v -0.773972 0.324574 -4.051764
v -0.880015 2.207716 -3.664760
v -0.666917 2.619357 -3.234871
v -0.550346 2.691090 -3.826992
v -0.007392 0.165977 -4.529085
v 0.038238 0.412440 -4.539268
v 0.065421 0.443111 -5.586234
v -0.138198 0.396260 -4.738448
v 0.156184 0.507998 -4.747191
v 0.108207 0.155763 -4.431365
v 0.242065 0.430983 -4.613615
v 0.363867 0.353542 -4.569972
v -0.070554 0.412458 -5.776505
v 0.363882 0.301179 -4.460568
v 0.437836 0.715241 -4.669790
v 0.312264 0.638611 -4.782103
v 0.455735 0.143256 -4.364582
v 0.032729 0.443039 -6.350691
v 0.339453 0.661243 -5.944521
v 0.675760 1.217420 -4.691287
v 0.662338 1.137261 -5.209938
v -0.154199 0.439173 -6.836649
v 0.314010 0.644579 -6.674833
v 0.107721 0.512093 -7.285699
v 0.893884 0.992990 -4.586839
v -0.189091 2.936397 -4.866972
v 0.158309 2.815437 -4.729795
v -0.244989 3.013611 -5.128872
v -0.016349 2.835227 -4.984564
v 0.307090 2.669162 -4.604097
v 1.139199 1.111645 -4.406921
v 0.785386 1.271974 -4.645221
v 0.020186 2.709733 -5.343405
v 0.236234 2.000478 -6.064190
v -0.055315 2.003736 -5.876812
v 0.043737 1.927422 -6.135815
v 0.202359 2.172131 -5.403754
v 0.154665 2.146977 -5.265000
v 0.044849 2.427617 -5.313764
v 0.437676 2.259239 -5.234350
v 0.032661 2.148172 -5.747471
v 0.211466 2.540810 -5.116838
v 0.179982 2.096209 -5.739986
v 0.431708 2.332594 -5.028462
v 0.067282 2.389306 -5.554400
v 0.161745 2.098354 -5.556680
v 0.468835 2.109601 -4.911208
v 0.398907 2.592378 -4.887745
v 0.036646 1.836969 -6.259484
v 0.482207 2.045055 -5.719744
v 0.452244 2.209103 -5.614569
v 0.907213 1.342757 -5.153140
v 0.286027 2.259694 -5.932666
v 1.044074 1.419840 -4.713199
v 0.089831 2.040238 -6.398974
v 0.344108 2.484120 -6.176592
v 0.380498 2.420748 -5.982477
v 0.194282 2.264843 -6.387650
v 0.421539 2.235977 -6.020061
v -0.049713 2.415485 -6.568417
v 0.376770 0.748546 -7.474869
v 0.222793 2.428987 -6.218368
v 0.147841 2.479901 -6.504436
v 0.325972 2.669443 -6.277586
v 0.437756 2.260018 -6.384136
v 2.146504 1.077570 -1.353359
v -0.229414 -0.344179 -0.894593
v 0.087241 -0.334163 -0.735451
v -0.198808 -0.193145 -0.998771
v 0.237271 -0.282926 -0.767999
v -0.265026 4.675959 6.953290
v -0.234740 4.103753 6.309532
v -0.243389 4.473301 6.580694
v 1.665973 0.859067 0.684946
v 1.520931 0.593922 -0.292795
v 1.454416 0.612323 0.642263
v 1.809211 1.041061 1.084814
v 1.814500 1.014555 1.262474
v -0.306725 5.041089 7.469737
v -0.323310 4.585963 6.998795
v -0.333355 3.994127 6.146735
v -0.380888 3.751733 7.234895
v 1.386162 0.565681 1.229964
v 1.728270 0.951547 1.524580
v 1.263779 1.904130 3.188340
v 1.418829 1.670488 3.234351
v 1.365121 1.673844 4.149236
v -0.230653 3.777288 7.414829
v -0.240393 3.057298 7.263109
v -4.650619 0.409079 3.760321
v -4.544724 0.200044 3.087618
v -4.531829 0.172977 3.749358
v -4.576646 0.082137 3.720136
v -4.377000 0.866033 3.274034
v -4.409153 0.838381 3.797868
v -4.162116 0.923842 3.634980
v -4.147985 0.937967 3.068647
v 0.952315 2.165095 3.685043
v 1.134453 2.068357 2.853806
v -1.516278 -0.343491 6.548792
v -1.544626 -0.225457 6.857917
v -1.517298 -0.075339 6.424731
v -4.484761 0.935585 4.213732
v -4.681446 0.681874 3.992090
v -4.689590 0.723231 2.944548
v -4.687525 0.521485 3.115213
v -4.639703 0.685770 3.277472
v -4.053276 0.984521 4.144357
v -4.570807 0.717836 3.674284
v -4.656594 0.550142 3.599332
v -4.980724 0.766346 3.556993
v -4.952048 0.655751 3.627689
v -4.924664 0.758215 2.928330
v -4.556729 0.062854 4.415451
v -5.047757 0.886012 2.930228
v -4.682269 0.564420 4.188587
v -4.640189 0.834721 4.508142
v -4.571611 0.987616 4.582609
v -4.718994 1.343805 3.849279
v -5.583939 1.263134 4.164330
v -4.429911 1.362248 2.750019
v -4.857975 0.010191 4.070176
v -4.694785 0.693846 4.596757
v -4.937617 0.278505 4.114612
v -4.935664 0.325788 3.122112
v -4.796381 1.093864 4.695386
v -4.522437 1.038350 4.829431
v -4.790411 0.903710 4.639755
v -4.496041 0.107074 5.057583
v -4.576852 0.334826 4.762514
v -4.385177 0.020216 4.923569
v -4.579752 0.110840 4.607687
v -4.698268 -0.020632 5.072914
v -4.863604 0.054111 3.595787
v -4.783191 0.784356 4.716719
v -4.585302 0.477970 4.930141
v -4.714155 0.978417 5.066322
v -4.997099 0.799042 4.388711
v -4.477009 -0.060499 4.895190
v -4.717850 0.047910 4.706069
v -4.851094 0.934998 4.780431
v -4.927946 0.746597 4.583208
v -4.857183 0.021785 4.491699
v 1.028270 2.061996 4.315008
v -4.871731 0.881666 4.648594
v -4.740448 0.688105 5.067659
v -4.953234 0.412661 4.571888
v -4.617471 0.323803 5.130745
v -4.863287 0.802612 4.829278
v -5.177470 0.917489 3.792914
v -4.840454 0.884271 4.852499
v -5.076622 0.918571 4.544006
v -5.271071 0.949320 3.191031
v -4.960419 0.548824 5.031664
v -4.861992 0.072818 4.729656
v -5.120845 0.869365 4.275172
v -4.941290 0.786292 5.008230
v 0.856078 2.173545 4.421240
v 0.864167 2.204360 3.529152
v -4.943235 0.129965 4.900995
v 1.408087 1.597705 4.459198
v 1.324768 1.484314 6.106606
v -4.963806 -0.186323 4.912984
v -5.313563 0.832731 4.053954
v -5.470915 0.958320 3.735166
v 1.088004 1.959679 5.002699
v -4.950053 0.210206 5.184927
v 0.474753 2.279674 4.416937
v 0.375194 2.260494 3.053689
v 0.135230 2.246916 4.076283
v 0.135374 2.260162 2.741291
v -5.536581 0.703715 3.816452
v -4.873270 -0.085226 5.190144
v -5.007985 0.909728 5.070518
v -5.181416 0.945425 5.118149
v -5.619348 0.922337 3.442207
v -5.348169 0.779046 4.463026
v -5.687052 0.995605 3.354134
v 0.778567 2.188276 5.721313
v -5.524187 0.616724 4.088215
v -6.136166 1.218366 3.878755
v -4.799844 1.314082 2.439518
v -5.707931 0.812270 3.688272
v -5.113842 0.307609 4.981297
v -5.661878 0.562030 4.240474
v -5.456245 0.831478 4.713388
v -5.950809 0.959258 3.676966
v -5.810133 0.961391 3.683403
v -5.790534 1.010378 3.431310
v -5.458799 0.896146 5.150051
v -5.515576 0.605043 4.541758
v -5.741044 0.614522 4.292323
v -5.761415 0.900131 4.506637
v -5.687582 0.511975 4.662671
v -5.588071 0.565968 5.047674
v -5.964384 0.971385 4.224503
v -6.074310 1.226398 4.944485
v -4.534277 1.336418 4.606331
v 0.037467 2.468691 3.548120
v -5.977250 0.931813 4.796617
v -5.778369 0.876242 4.946611
v -5.700218 0.543729 5.260030
v -5.759002 0.602625 5.264397
v -2.401335 1.263741 7.085436
v -2.257122 1.317747 6.507449
v -2.131979 1.329566 7.096714
v -5.741025 0.868847 5.271700
v -2.099514 1.115065 7.031876
v -2.260876 1.138234 6.583540
v -2.339355 1.145280 7.053047
v -2.881055 1.261640 7.009421
v -2.669757 1.299139 6.686928
v -3.008165 1.154681 7.076134
v -2.623408 1.154735 7.109944
v -2.235841 1.195634 7.106896
v -3.282746 1.100486 7.000825
v -4.083415 1.151101 6.970010
v -3.295556 1.220670 6.981310
v -3.989524 1.082550 6.948389
v -3.979805 1.205838 6.902534
v -0.637571 2.425670 -0.051690
v -0.531147 2.529099 -0.513311
v -0.728482 2.284482 -0.228063
v -1.073379 2.254182 -0.183559
v -1.336938 2.205112 -0.302360
v -1.709025 2.072594 -0.441559
v -1.883693 1.908560 -0.612316
v -0.422217 2.707105 6.576572
v -0.402923 3.303474 7.176088
v -0.417208 2.817566 7.425228
v -2.081311 1.589994 -0.321556
v -0.446735 2.579482 7.280483
v -0.383875 2.627836 7.668580
v 0.119310 2.234144 5.427820
v -0.692922 2.234895 6.904650
v -0.761540 2.150789 7.612596
v -0.776219 2.192057 6.780741
v -1.086184 2.207624 6.941324
v 0.042664 2.449213 4.875504
v -1.398776 2.144180 6.950080
v -1.274832 2.107388 7.540046
v -0.222389 2.553891 3.321880
v -0.038528 2.504504 4.149428
v -0.239727 2.554916 4.084441
v -1.598067 1.968891 7.062254
v -0.715022 -0.179173 -1.032823
v -0.606851 -0.318237 -0.972796
v -0.853145 -0.330842 -0.936927
v -0.672703 -0.248064 -0.267787
v -0.390754 -0.299847 -0.514174
v -1.112332 -0.279827 -0.921096
v -1.675560 -0.288116 -0.546940
v -2.026665 -0.174529 -0.391336
v -1.573281 -0.162658 -0.796359
v -0.289113 2.568983 0.268124
v -0.535344 2.507820 0.099142
v -0.207043 2.644791 0.151819
v 0.480493 2.274475 5.884324
v -0.330011 2.698137 3.723729
v -0.266716 2.692702 3.805578
v -0.214067 2.606580 -0.129725
v -0.717241 2.271037 0.542338
v -0.161193 2.557278 1.027242
v -0.569061 2.473536 1.062290
v -0.693350 2.273948 1.471169
v -1.045480 2.271976 1.443425
v -1.243199 2.243191 1.003484
v -1.505412 2.168692 0.846053
v -0.257083 2.988042 4.526779
v -1.839623 1.976880 0.068252
v -0.340854 2.865058 4.178516
v -1.734377 2.070021 0.751135
v -1.710593 2.072773 1.587503
v -1.848337 1.955371 1.290165
v -2.066177 1.665253 0.643888
v -2.196657 1.575089 0.642964
v -2.090425 1.666372 1.612223
v 2.978781 0.969736 3.328009
v 3.320996 0.973930 4.218628
v 2.912276 1.412661 1.643291
v 1.249237 1.992868 1.732345
v 1.479790 1.733215 0.863984
v 1.522297 1.648624 2.184150
v 1.026319 2.141342 2.604998
v 1.094244 2.133588 1.199066
v 0.804164 2.244157 1.312232
v 1.477986 1.652249 2.627436
v 1.323327 1.857131 2.657925
v 1.410169 1.582435 3.024817
v 1.401544 1.610623 2.753425
v 0.558317 2.264817 1.799306
v -0.233372 2.573714 4.976732
v 0.150612 2.276445 1.846954
v 0.157336 2.286044 1.124719
v 0.020986 2.476165 1.952065
v 0.046195 2.470900 1.130370
v -0.281043 3.270085 4.894512
v -0.341736 2.981524 4.557732
v -0.236710 2.560355 1.708447
v -0.359243 3.118742 4.860261
v -0.242799 3.517748 5.343377
v 0.027084 2.470082 2.453100
v -0.188892 2.515797 2.019215
v -0.258375 2.599153 1.897841
v -2.120380 0.926123 -1.327589
v -2.418173 1.060731 -0.914833
v -0.211684 2.555623 2.269567
v -2.531562 1.342501 -0.737087
v -2.288082 1.441161 -0.692736
v -0.525947 2.488227 2.017145
v -0.083293 2.521640 2.695855
v -0.380228 2.535327 3.099612
v -0.537280 2.483962 2.884089
v 1.511679 1.664733 -0.234595
v 1.305300 1.974063 -0.039833
v 1.110697 2.118618 -0.301837
v 0.960146 2.184128 0.020434
v 0.497752 2.270542 -0.251126
v 0.195050 2.307174 -0.059804
v 0.215762 2.319291 -0.741526
v -2.105879 0.886016 -0.783596
v 0.243106 2.285432 0.124295
v -0.034840 2.565746 0.012117
v -0.150365 2.596354 -0.559593
v 0.049656 2.503091 0.415631
v -2.122009 0.931131 -0.193048
v -2.486633 1.097565 -0.634498
v -2.850405 1.182042 -1.149693
v -2.895664 1.289812 -0.847302
v 0.771501 -0.306834 -0.137501
v 0.816084 -0.268488 0.101552
v 0.944448 -0.199392 0.325372
v -2.757645 1.092732 -0.863936
v 0.610568 -0.313588 0.160066
v 0.589183 -0.191961 -0.494005
v -3.217923 1.116942 -0.194736
v 0.897805 -0.289414 0.648874
v 0.899836 -0.236940 0.867858
v -3.058584 1.183793 -0.858662
v 0.264242 -0.323377 -0.227652
v 0.508583 -0.255784 1.202256
v 0.546176 -0.266746 0.631269
v 0.249624 -0.277826 0.396803
v -0.068480 -0.257609 0.129603
v 0.335004 -0.287014 0.636114
v 0.033606 -0.230502 0.625703
v -0.104863 -0.442119 0.357344
v -0.715342 -0.411896 0.676337
v -0.049497 -0.409528 0.798351
v 0.109328 -0.249608 1.194984
v -0.090688 -0.213459 0.940549
v -0.327321 -0.315296 -0.167582
v -0.680185 -0.427776 0.001889
v -0.252914 -0.302275 1.075334
v -0.227299 -0.225568 1.564851
v -0.231057 -0.385076 0.846409
v -0.439605 -0.238014 -0.281587
v -0.626916 2.411354 2.469604
v -2.815265 1.426989 0.145010
v -0.690243 2.255599 2.210022
v 1.523323 1.518559 2.944727
v 1.710779 1.541266 3.211330
v -3.414675 1.243931 -0.340666
v -3.451875 1.148411 -0.401865
v -1.156833 2.275780 2.201021
v -0.699039 2.237433 2.957471
v 1.024680 0.390926 2.001407
v 1.360776 0.601786 2.020853
v 1.720002 1.560223 2.592324
v 1.614879 0.887873 1.972313
v 0.936508 0.305204 1.521145
v 0.945488 0.330481 1.228430
v 1.606730 0.957466 2.617123
v 1.249402 0.607520 3.363947
v 1.596655 1.004181 3.129195
v 1.324718 0.637001 2.865244
v 1.158243 0.451394 2.450857
v 1.221590 -0.164679 2.466026
v 1.359478 -0.122659 2.741811
v 1.282775 -0.036666 2.575707
v 1.308984 0.090219 3.118876
v 1.130534 0.498220 3.281878
v -1.128957 2.270586 3.551458
v -1.402035 2.218986 2.462604
v 1.064522 0.472699 2.888657
v 0.870596 0.316688 2.344184
v -1.532489 2.180595 3.526247
v 1.163925 -0.055748 2.879429
v 1.114008 -0.232574 3.405565
v 1.168057 -0.177723 2.756228
v -1.839203 1.956943 2.740333
v 0.797849 0.228080 1.385290
v 0.632744 0.286928 1.630379
v 1.375040 -0.112166 3.062224
v -1.718817 2.078941 3.318187
v 1.384750 0.065063 3.630563
v 1.173925 0.006530 3.347926
v 0.852151 -0.146184 1.158852
v 0.635229 -0.221486 1.514640
v -2.094333 1.621517 3.186882
v -2.052441 1.542717 2.929817
v -1.873064 1.905122 3.100536
v -1.079221 -0.264701 1.492414
v -1.355886 -0.200934 1.211845
v -1.353890 -0.180854 1.474049
v -0.964905 -0.194186 1.594013
v -1.181512 -0.145393 1.557962
v -0.879942 -0.260576 1.850922
v 0.332585 0.472792 2.682886
v 0.665205 0.370501 2.879475
v 0.491718 0.393967 2.455789
v -2.078442 1.647814 2.567776
v 0.710361 0.342487 2.624943
v -0.533735 -0.208505 1.392890
v 0.388199 0.175025 1.890036
v 0.576291 0.323563 2.201007
v -0.406433 -0.238786 1.827043
v -1.311292 -0.213867 1.752694
v -1.428460 -0.182315 1.747119
v -1.130961 -0.201371 1.999849
v -1.257440 -0.082672 2.079093
v -0.928559 -0.232396 2.107491
v -1.601241 -0.249194 3.237129
v -1.598211 -0.154305 2.958437
v -1.715586 -0.295877 3.002903
v -1.758826 -0.274644 2.570741
v -1.644020 -0.241418 2.429326
v -1.776309 -0.184125 2.385243
v -1.613412 -0.262090 2.698024
v -1.730433 -0.060157 2.564271
v -0.560858 -0.164651 2.176873
v -1.656307 -0.249595 1.338942
v -1.478828 -0.237104 1.891719
v -0.489236 0.390815 -1.258216
v -1.832739 -0.279336 2.985769
v -1.817163 -0.280792 3.313807
v -0.310074 0.444700 -1.064722
v -0.327899 0.601780 -1.162171
v -1.976967 -0.222085 1.394342
v -1.709479 -0.218422 1.719614
v 0.363412 0.259584 2.010999
v -0.356710 0.177634 -0.971195
v -0.760735 0.261475 -1.059201
v 0.451390 -0.119609 1.745552
v 0.878199 0.399471 3.373696
v -0.449412 0.356520 -0.912968
v 0.341016 -0.191585 1.582544
v 0.646254 0.316345 3.098692
v 0.263124 0.443620 3.067833
v 0.333004 0.310004 3.158532
v 0.338654 0.331765 2.880926
v 0.065947 0.238803 2.079935
v -1.098312 0.113531 -1.016642
v 0.579791 0.264279 2.940463
v 0.415429 0.431410 2.886290
v -1.311917 0.156470 -0.968896
v -1.554627 0.279096 -0.788061
v -1.660344 0.328212 -0.610493
v -1.873506 0.570546 -0.553616
v -1.774461 0.509419 -0.288798
v -1.806926 0.079721 -0.621055
v -1.893870 0.306956 -0.246180
v -0.472519 0.752431 7.134502
v -0.567308 0.749680 7.367297
v -0.427119 0.540770 7.356759
v 0.090450 -0.123594 2.024378
v -0.337781 0.503463 7.082057
v -0.352134 0.494322 7.266743
v -0.412453 0.724750 7.006227
v 0.197961 0.427687 2.734090
v 0.193945 0.422459 2.367384
v -0.391446 0.621689 7.711724
v -0.559929 0.777143 7.570610
v -0.431523 0.877597 7.806978
v 0.128709 0.337635 2.116716
v -0.121269 0.505687 2.134125
v -1.134575 0.772656 7.447630
v -1.014707 0.737700 7.157980
v -1.476813 0.714399 6.863044
v -1.533281 0.818789 7.013546
v -0.285851 -0.079052 2.191331
v -1.607149 0.699402 6.910870
v -1.539576 0.586923 6.849612
v -1.569105 0.336719 6.959977
v -1.811114 0.184119 6.879944
v -7.613358 1.050819 6.356450
v -7.624964 0.915154 6.590309
v -7.601836 0.938254 6.346006
v -7.625469 0.943526 6.081370
v -7.442826 1.061796 6.736187
v -7.212749 0.985017 6.710759
v -7.262088 0.880803 6.595699
v -7.136585 1.066586 6.642015
v -7.711566 0.881878 5.569580
v -7.358761 0.893473 6.213973
v -7.534307 1.087679 6.005969
v -7.202188 1.098114 6.433831
v -7.662899 0.935160 5.739944
v -7.740839 1.050928 5.954373
v -6.825974 0.868656 6.232540
v -6.694381 0.940250 6.634661
v -7.598647 1.067348 5.678484
v -6.535193 1.159352 5.809083
v -7.784070 1.103305 5.406099
v -7.513680 1.095249 5.120498
v -7.816343 1.016779 5.090450
v -7.699394 0.879983 5.216638
v -7.765711 0.930553 4.943092
v -6.802166 0.917670 5.292696
v -6.761443 1.073007 6.679047
v -7.409267 0.873388 4.950810
v -6.663419 1.017465 6.728542
v -7.432065 1.079640 4.547955
v -6.924922 1.103155 6.333176
v -6.677663 1.136607 5.543095
v -6.885424 1.045182 6.503873
v -6.313828 1.148862 6.450132
v -6.336675 1.101050 6.764041
v -6.322904 0.947995 6.771153
v -6.023427 1.004294 6.821474
v -6.100251 1.105871 6.704900
v -6.401992 1.164179 6.125648
v -6.438535 0.888426 6.152833
v -3.793170 0.988149 4.239504
v -5.506520 1.209381 5.587798
v -5.999504 0.937234 6.277007
v -5.776812 0.940543 6.563787
v -6.082010 0.936263 5.623869
v -5.880999 0.957182 5.939459
v -5.800756 0.894881 6.049160
v -5.589786 0.964370 6.745927
v -5.379806 1.136035 6.788456
v -5.454123 1.029813 6.870075
v -5.904034 0.947740 5.284062
v -5.508969 0.949297 6.519148
v -5.651593 0.785169 6.337758
v -5.681702 0.714545 5.927814
v -5.474354 1.238557 5.920312
v -5.520403 0.914207 6.167469
v -5.770902 0.901975 5.540823
v -5.602568 0.595551 5.579591
v -5.511073 0.854803 5.596377
v -5.042286 1.000505 6.817281
v -5.023005 0.984180 6.052437
v -4.913792 1.127254 6.879592
v -4.504891 1.276247 5.910516
v -5.116358 1.236909 6.055503
v -5.311943 0.970114 5.731584
v -4.957258 1.188865 6.741569
v -4.470455 1.019032 6.460100
v -4.910957 1.009279 5.639454
v -4.833722 1.019600 6.890448
v -4.785506 1.270202 5.455866
v -4.822846 0.927126 5.206238
v -4.299982 1.077687 6.883094
v -4.461717 1.143401 6.917881
v -4.351205 1.195568 6.839716
v -4.386517 1.233352 6.515124
v -4.565835 0.025191 5.231579
v -4.863276 0.099899 5.317850
v -4.830172 0.643538 5.252889
v -4.882766 0.393939 5.210552
v -4.681474 0.355453 5.253097
v -4.287970 1.035416 6.761388
v -3.966450 1.081310 6.607393
v -4.372111 1.232270 6.142484
v -4.418395 1.031059 5.620999
v -4.374002 0.983538 5.438128
v -4.407061 1.008603 5.953478
v -4.165023 1.256131 6.432922
v -4.296784 1.277625 5.598688
v -3.830650 1.034748 6.394225
v -4.004676 1.024781 5.769906
v -4.126987 1.288108 5.955196
v -3.718243 0.996230 5.420162
v -3.124028 1.382126 5.272651
v -0.397491 3.392514 6.702874
v -0.366218 3.360475 5.478590
v -1.899307 -0.272056 4.396953
v -1.737554 -0.258273 5.104400
v -1.729616 -0.277468 4.225055
v -1.799243 -0.074919 4.348888
v -1.927135 -0.235797 4.615943
v -1.659734 -0.309055 4.119194
v -1.873179 -0.231550 4.121442
v -1.946272 -0.213159 5.231692
v -1.576786 -0.333937 4.512630
v -1.630852 -0.313290 5.123800
v -1.533456 -0.294255 4.769402
v -1.542415 -0.360427 3.772756
v -1.887385 -0.262612 3.677722
v -1.554020 -0.279123 4.063709
v -1.843898 -0.061007 3.396250
v -1.543358 -0.116535 3.457790
v -1.466978 -0.013470 4.562857
v -1.536049 -0.125028 5.047358
v -1.525300 -0.042668 4.090848
v 1.712914 1.164576 7.051752
v 1.289988 1.086569 7.171061
v 1.497625 1.133394 7.230167
v -2.321863 -0.192812 0.340188
v -2.130301 -0.225208 0.182550
v -2.229708 -0.209763 -0.004516
v 1.560935 1.230585 7.090329
v 2.638525 1.102141 7.063225
v 2.208738 1.127610 7.053671
v 2.513306 1.035037 7.040900
v 2.518390 1.101907 6.831097
v 2.144969 1.265633 6.723243
v 2.668902 1.191377 7.039819
v 3.067648 1.081006 7.013082
v 3.329246 1.175590 6.982956
v 1.917172 1.094555 4.520027
v 1.761992 1.048903 4.768821
v 2.205508 1.041345 4.828373
v 1.531209 1.051265 4.715681
v 1.968560 1.103462 3.867812
v 1.544344 1.017843 4.111863
v 2.142563 1.090432 3.667953
v 1.863477 1.064335 5.241669
v -7.674619 1.016418 4.811895
v 1.936728 1.452977 3.890762
v 1.922476 1.417674 5.001985
v 1.573983 1.500735 4.698475
v 1.978924 1.080227 5.153639
v 1.552719 1.558988 3.993845
v 1.744149 1.042974 3.801490
v 2.590619 0.971756 4.491959
v 2.550054 1.031282 5.199655
v 1.552154 1.002738 3.540290
v 0.486918 0.605566 3.995661
v 0.550283 0.579213 4.196856
v 0.818376 0.494153 4.012076
v 1.247474 0.716111 3.689616
v 1.931907 1.480032 3.173285
v 2.343120 1.026860 3.164942
v 2.220572 1.459855 3.754896
v 2.269526 1.382557 5.348503
v 2.625960 0.966293 3.742458
v 2.721759 0.957651 5.132954
v 2.834155 1.017690 5.125435
v 2.877944 1.004279 4.856429
v 3.021403 0.920694 5.088578
v 3.003154 0.969261 4.684399
v 2.701642 0.949737 3.033280
v 2.182828 1.509607 1.952140
v 3.269146 1.030832 5.108915
v -0.144556 0.419241 5.133967
v -0.290686 0.393750 4.789892
v -0.369338 0.420506 5.038319
v -0.112491 0.565907 4.550261
v -0.094481 0.652215 4.137157
v -0.223865 0.569615 4.406640
v -0.046781 0.585655 5.294710
v -0.826260 0.466897 3.593473
v -0.545811 0.613090 4.275878
v -0.519787 0.513268 3.441109
v 0.040868 0.584826 4.788634
v -0.423696 0.541958 4.701343
v 0.664566 0.535732 5.285555
v 0.660101 0.523632 4.629840
v 0.077412 0.630028 4.549973
v 0.360576 0.584929 4.463570
v 0.183030 0.548518 3.551959
v 0.633503 0.483931 3.791780
v 0.379254 0.309097 3.612453
v 0.616206 0.400435 3.667455
v -0.079463 0.536731 3.321127
v 0.186175 0.492827 3.361717
v 0.245228 0.286975 3.394238
v 0.910888 0.438457 4.745326
v 0.772699 0.451681 4.749236
v 1.020390 0.347671 4.725411
v 1.045281 0.335625 5.134571
v 1.082382 0.302750 4.822848
v 0.654461 0.510912 4.415571
v 1.022279 0.626864 4.560409
v 1.061187 0.525182 4.504500
v 0.834780 0.406332 5.231774
v 1.014068 0.317923 4.327478
v 0.654983 0.466460 4.324039
v 1.129727 0.061753 4.017605
v 1.043402 0.450873 4.048488
v 1.045241 0.436953 3.648200
v 1.039254 -0.176473 4.922525
v 1.082830 -0.197703 5.290660
v 1.255545 -0.230767 4.796972
v 1.085332 0.009719 4.567651
v 1.073802 -0.250090 4.461869
v 1.396379 -0.209335 5.152483
v 1.427587 0.139991 5.220321
v 1.439199 0.123578 4.772117
v 1.190333 0.490273 4.961072
v 1.164914 0.546302 4.450854
v 1.282577 0.343051 4.560959
v 1.273110 0.588449 5.070810
v 1.297137 0.691832 4.766078
v 1.118453 0.668930 4.772123
v 1.409611 -0.201740 4.475612
v 1.093508 -0.177377 4.225998
v 1.361666 0.909365 4.694689
v 1.418300 0.044839 4.207013
v 1.092085 -0.210431 3.789676
v 1.202587 0.664280 4.280825
v 1.194756 0.227086 3.803990
v 1.307210 -0.240629 4.242402
v 1.155005 0.435103 3.683394
v 1.136444 0.070681 3.696716
v 1.375040 -0.239277 3.765602
v 1.264904 0.215717 3.889968
v 1.355100 -0.137363 3.436917
v 3.205720 1.164257 -0.063437
v 3.521397 1.080278 0.309603
v 3.368119 1.137286 -0.007393
v -1.829056 -0.126409 2.909212
v -1.759137 -0.071347 3.004366
v -2.430729 0.998585 2.539634
v -2.136995 1.006666 3.263595
v -2.096368 0.970682 2.471045
v -1.749483 0.645349 2.864200
v -1.790147 0.673762 3.486026
v -1.648319 0.462060 2.159343
v -2.228457 1.590878 1.720606
v -2.213570 1.578845 2.563617
v -2.221026 1.002164 1.890707
v -2.203137 0.983652 2.160122
v -1.825113 -0.061575 3.270364
v -1.814132 0.185778 1.788026
v -1.968407 -0.111038 1.580489
v -2.033415 0.201721 1.460875
v -2.158217 -0.192431 1.128595
v -2.207017 0.175820 1.248254
v -1.592689 -0.055981 1.944963
v -2.175637 0.890536 1.123426
v -2.348945 1.010721 1.466217
v -1.800818 0.440937 1.475579
v -1.841564 0.586085 1.558634
v -1.918971 0.382613 1.184763
v -1.423106 0.392665 2.716375
v -1.526209 0.197184 1.989676
v -1.613583 0.383068 2.049374
v -1.197558 0.256444 2.130816
v -1.773027 0.551499 1.227802
v -1.190000 0.284781 3.019450
v -1.095758 0.359067 2.662591
v -0.976780 0.335656 2.848945
v -0.963699 0.285719 3.187843
v -1.136195 0.324094 2.318888
v -1.143790 0.313808 3.517425
v -0.758082 0.512267 2.647897
v -0.848861 0.468760 3.016134
v -0.910411 0.354687 2.270948
v -0.485456 0.513809 2.340225
v -0.396760 -0.177692 2.093877
v -0.693929 -0.069843 2.226688
v -0.797365 0.211064 2.214624
v -0.344743 0.398177 2.178638
v -0.898421 -0.150614 1.293648
v -0.548134 0.509887 2.190549
v -7.468249 1.026906 4.399306
v -7.384424 0.942558 4.356777
v -7.545021 0.945866 4.229264
v -7.466074 1.041921 4.211638
v -7.127470 1.009045 3.762025
v -6.907575 0.969977 3.713371
v -6.771734 0.932425 4.495548
v -6.908875 1.105620 3.652396
v -5.828259 1.201097 2.828153
v -6.890761 1.008183 3.422442
v -6.280731 1.017495 2.995930
v -6.573993 1.037704 3.114916
v -6.501616 1.111504 3.097481
v -1.819624 -0.148785 6.406305
v -2.040109 -0.152872 6.569627
v -1.951664 -0.238373 6.625364
v -1.720815 -0.218085 6.548877
v -1.668647 -0.213906 6.837121
v -1.888534 -0.235284 5.582295
v -1.928159 -0.170975 6.090396
v -1.766969 -0.203918 6.054371
v -1.852375 -0.199403 6.855683
v -1.626143 -0.260784 6.068054
v -1.536069 -0.200348 6.420488
v -1.539295 -0.260242 5.361320
v -1.526389 -0.234097 5.973579
v -0.309880 4.281189 6.443982
v -0.234324 3.992097 5.952671
v -0.235019 3.031107 6.499207
v -0.325239 3.646988 5.626479
v -0.304020 3.468309 5.293550
v -0.153758 -0.254636 1.742574
v 1.088862 -0.298417 4.709476
v -1.468331 0.020874 6.864680
v -1.599131 0.037621 6.943532
v -3.991623 1.062242 0.651164
v -3.634889 1.065904 0.992019
v -3.818890 1.087365 0.587018
v 1.591543 1.634415 1.238182
v -3.961536 1.109099 0.168518
v -2.963233 1.046427 1.386588
v -2.598980 1.025211 2.131780
v -4.113660 1.156757 0.276093
v -3.842985 1.278305 0.289508
v -3.703559 1.222487 -0.183254
v -3.592445 1.107803 -0.196919
v -3.493461 1.066539 0.644535
v -3.228873 1.007029 0.874382
v -3.483287 1.324983 0.296927
v -3.210134 1.113480 0.418742
v -2.829028 1.049140 0.816122
v -3.543858 1.399668 1.091461
v -3.204659 1.341394 -0.086824
v -2.521797 1.077016 0.303950
v -2.803262 1.499324 1.239899
v -3.286401 1.463002 1.798511
v -2.465420 1.038324 0.988013
v -2.190222 0.268875 1.091851
v -2.314834 0.176808 0.853720
v -2.210436 0.274488 0.716437
v -2.339608 0.192321 0.393522
v -2.254305 -0.175267 0.810650
v -2.179368 -0.234888 0.613807
v -2.557637 1.464071 0.662072
v -2.553824 1.492500 1.601260
v -2.217933 0.241609 0.248182
v -2.265584 0.168408 0.074570
v -1.947014 0.272057 0.560279
v -2.483138 1.097887 -0.175427
v -1.810121 0.218650 0.328115
v -2.130791 0.933549 0.383948
v -0.120575 0.559425 6.415657
v -0.281982 0.399488 6.156261
v -0.350450 0.487464 6.540891
v 0.029317 0.692321 7.201633
v 0.139453 0.650419 6.462055
v 0.028966 0.664534 6.124121
v -0.318118 0.556607 5.837076
v -0.095325 0.655047 5.896350
v -0.337806 0.664904 5.793961
v -0.330451 0.444506 5.708968
v -0.236696 0.371236 5.796504
v -0.175304 0.531363 5.930350
v -0.308485 0.358217 5.835762
v -0.418993 0.546638 6.062129
v -0.110082 0.247409 5.481802
v -0.396845 0.672680 5.558303
v -0.095085 0.640617 5.548728
v -0.339871 0.550525 5.583041
v -0.132046 0.482701 5.538872
v 0.234563 0.626632 6.025347
v 0.037243 0.676993 5.733916
v -0.154546 0.241603 5.383214
v -0.421311 0.339170 5.180901
v -0.455033 0.261448 5.449141
v 0.642282 0.737470 7.105126
v 0.627322 0.682590 6.671286
v 0.170705 0.612651 5.515998
v 1.027230 0.472557 6.605972
v 1.137818 0.447141 6.750976
v 1.062511 0.509197 6.816898
v 0.987605 0.762022 6.902118
v 0.603317 0.587724 5.939547
v 0.993840 0.219527 6.787788
v 1.086886 0.161266 7.007504
v 0.766957 0.608742 6.509749
v 0.930858 0.709667 6.619470
v 1.087416 0.026349 6.600813
v 0.961037 0.202074 6.565778
v 0.810102 0.485847 5.975802
v 1.010756 0.501082 6.505552
v 1.111856 0.204828 6.428771
v 1.111863 0.532037 6.626275
v 1.059341 0.398597 5.904508
v 1.011608 0.397953 5.653086
v 0.973276 -0.203774 6.710595
v 1.112846 -0.183437 6.594541
v 1.044273 -0.160810 6.789097
v 1.169979 0.154623 6.499025
v 1.391404 -0.021980 6.990804
v 1.340942 0.084521 6.484001
v 1.363340 -0.133599 6.668252
v 1.434161 -0.126088 6.937388
v 1.081368 -0.108136 7.010150
v 1.074133 -0.007306 6.060736
v 1.142816 -0.076434 6.327027
v 1.063454 -0.203657 6.090460
v 1.039714 -0.178152 5.826813
v 1.387948 0.222010 6.792367
v 1.405265 0.186677 6.723506
v 1.251104 0.289550 6.698363
v 1.230231 0.241753 6.979708
v 1.348824 -0.112226 6.531813
v 1.168529 0.378257 6.957908
v 1.196289 0.508554 6.907073
v 1.126435 0.602657 6.755306
v 1.143609 0.868829 6.837846
v 1.199991 0.676133 6.455869
v 1.500137 -0.195699 6.728445
v 1.360266 -0.107347 6.328804
v 1.254335 0.275955 6.483112
v 1.226967 0.346950 6.289745
v 1.362511 0.145597 7.021985
v 1.231075 0.660979 6.249917
v 1.288342 0.065574 6.317825
v 1.451225 0.201859 6.579159
v 1.516415 0.241729 6.667354
v 1.474007 0.213070 6.543464
v 1.366625 -0.010549 6.260689
v 1.415883 0.182302 6.171605
v 1.178399 1.078230 7.072775
v 1.402949 1.071774 6.417399
v 1.277106 0.217117 6.177403
v 1.374890 0.175142 6.614507
v 1.087048 0.258253 5.359608
v 1.477404 0.177560 6.541163
v 1.269173 0.251999 5.997759
v 1.284097 -0.191361 5.986883
v 1.214990 0.561322 5.882173
v 1.406962 -0.200136 5.502806
v 1.412509 -0.107016 5.899199
v 1.031646 1.808285 7.121115
v 0.904601 2.020642 6.714154
v 1.020305 1.953568 6.240035
v 1.425359 1.082088 5.965955
v 1.393644 0.152391 5.523552
v 1.799751 1.146982 6.444797
v 1.333575 0.267318 5.900485
v 1.215886 0.519430 5.444690
v 1.435742 0.966112 5.454594
v 1.565058 1.060283 5.430036
v 1.548843 1.441638 5.560568
v 1.597815 1.378051 5.743582
v -6.432535 1.068244 2.934213
v -6.222447 1.013700 2.706480
v -5.878930 1.034125 2.348723
v -6.026466 1.127729 2.480395
v -3.726694 0.974045 2.876212
v -3.565931 0.928724 3.216298
v -3.497381 0.907720 2.779437
v -3.784889 1.019622 2.465595
v -4.188805 1.012249 2.511707
v -3.528794 0.922063 2.349406
v -3.517923 1.095860 2.111892
v -4.249467 1.065429 2.083169
v -3.356059 0.954287 3.423968
v -3.403218 0.926665 2.580939
v -3.339240 1.025593 2.481166
v -3.199036 0.891061 2.736386
v -3.269228 0.898356 2.484757
v -3.322268 1.098597 2.182017
v -3.166984 0.951054 2.322156
v -3.078939 1.065037 2.233009
v -2.970409 0.954527 2.605251
v -2.581110 0.981939 3.122294
v -2.819726 1.507176 2.472969
v -2.598833 1.500712 2.543136
v -2.802491 1.503083 3.166402
v -2.478548 1.512983 3.569374
v -2.568084 1.472713 3.530578
v -2.306315 1.546981 3.148699
v 1.813018 0.954307 -0.404578
v 1.607822 1.496693 -0.879609
v 1.954029 1.337318 -0.867429
v 1.607096 1.612145 0.326207
v 2.123177 1.058469 -0.465908
v 2.150555 1.303060 -1.150455
v 1.963495 1.409605 -0.169529
v 2.407722 1.098293 -0.834267
v 2.340579 1.166386 -1.067013
v 2.662857 1.172640 -0.633260
v 2.581225 1.274700 -0.474501
v 2.980018 1.148209 -0.423783
v -1.729572 0.969602 6.841890
v -1.824745 -0.057474 6.967224
v -0.234227 0.522519 2.977063
v -0.207431 0.537783 2.579254
v -2.015170 1.429397 6.499863
v -1.917684 1.526037 6.265778
v -1.932077 1.094643 6.953228
v -2.130501 1.184525 7.312578
v 2.818548 1.096779 -0.080687
v 3.131378 1.100840 -0.113921
v 3.021840 1.256116 -0.024939
v -0.437509 2.564058 5.665610
v -0.435781 2.556183 5.124464
v 2.767123 1.289050 0.016376
v 2.179675 1.477387 0.589633
v 1.922197 1.050756 0.260926
v 2.517573 1.054181 1.012398
v 1.971854 1.434805 0.483323
v 1.860649 1.026519 0.560332
v 1.815594 0.991606 -0.160478
v 1.797290 1.531190 0.538382
v -0.740703 2.237266 5.457581
v -0.766988 2.254556 4.980906
v -0.654293 2.439262 5.168630
v 1.969221 1.484097 1.122546
v -1.958983 -0.098925 6.800937
v -1.896592 0.000436 6.540408
v -1.886309 0.268154 6.589739
v -1.789410 0.309022 6.588752
v -1.807772 0.135196 6.444801
v -1.801954 0.201536 6.241062
v -1.703367 0.420605 6.699632
v -1.902453 0.196565 6.390088
v -1.625446 0.453063 6.522575
v -1.716751 0.437830 6.429494
v -1.952893 1.075163 6.487407
v -1.743800 0.131480 6.205065
v -1.811188 -0.123234 6.220370
v -1.872865 0.099913 6.115866
v -1.820168 0.116194 5.820055
v -2.354671 1.143952 6.328364
v -2.714291 1.107654 6.091374
v -1.760117 0.956849 6.647315
v -1.669799 0.538142 5.861773
v -1.824203 0.789968 6.390391
v -1.691988 0.628601 6.373579
v -2.126062 1.095157 6.062530
v -1.891166 0.968431 6.392191
v -1.988551 1.071914 5.650140
v -1.841462 0.030573 5.402070
v -1.846243 0.713037 5.886108
v -2.189591 1.417352 5.963943
v -1.592345 -0.135555 6.199742
v -1.396929 0.426947 6.328318
v -1.532862 0.363669 6.605456
v -1.436846 0.144957 6.363658
v -1.564804 -0.062669 6.245134
v -1.767974 0.329134 5.227015
v -1.506473 0.237483 6.855811
v -1.341985 0.119893 6.556633
v -1.661082 0.642786 6.777938
v -1.494988 0.156068 6.114899
v -1.591110 0.550550 6.686068
v -1.383395 0.038326 6.435102
v -1.597939 0.561629 6.572145
v -2.249674 1.074121 5.192629
v -1.433740 0.296142 6.350863
v -1.481222 0.651989 6.653595
v -2.272876 1.444151 5.464617
v -1.995276 1.577621 5.002698
v -1.835930 0.028983 4.648395
v -2.035355 1.084924 5.018068
v -1.454909 0.055423 5.835341
v -1.522170 0.394981 5.961537
v -1.264009 0.600159 6.522591
v -2.236257 1.519664 4.533985
v -1.220529 0.508299 5.838995
v -1.749265 0.550101 5.162071
v -1.961079 0.999269 4.912049
v -1.499158 0.295363 5.337265
v -1.107859 0.595740 6.387649
v -1.473817 -0.003256 5.153862
v -1.506354 0.365893 5.583979
v -1.698967 0.500504 4.988885
v -1.516437 0.343364 4.847030
v -1.170331 0.502286 5.295686
v -0.500336 0.697038 6.597786
v -0.628349 0.593497 4.782877
v -1.259999 0.461985 4.860969
v -0.781127 0.618182 5.977850
v -0.525208 0.620790 6.020169
v -0.666810 0.652003 5.729582
v -0.694181 0.563667 5.234451
v -0.536593 0.605861 5.482440
v -0.484783 0.515450 5.431195
v -0.491137 0.555020 5.098462
v -3.766191 1.055285 6.553238
v -3.625102 1.275435 6.497869
v -3.786029 0.988625 4.975947
v -2.674483 1.372691 5.711483
v -3.546444 1.077952 5.699916
v -3.526366 0.937773 5.190860
v -2.922099 1.042480 5.440497
v -3.172884 0.916210 4.971758
v -2.310909 1.390368 5.547473
v -3.321236 0.964684 4.824624
v -2.546539 1.407691 5.206697
v -2.414258 1.464412 4.960732
v -5.170953 1.061143 1.517309
v -4.959637 1.050202 1.232226
v -5.001186 1.183707 1.322966
v -4.636338 0.529134 1.363984
v -4.920075 0.506702 1.299987
v -4.707886 0.490883 1.153761
v -2.735058 0.987979 4.405520
v -4.756237 0.368813 1.163507
v -4.949282 0.459037 1.170979
v -4.640411 0.329314 1.538590
v -4.849200 0.436680 0.844461
v -4.809908 0.526738 0.736249
v -4.680353 0.445525 0.777246
v -4.901496 0.437768 1.574883
v -4.689938 1.091538 0.986300
v -4.292582 1.115134 0.971263
v -4.702337 0.974639 1.794245
v -4.533411 1.146366 0.768458
v -4.274348 1.097317 0.630939
v -4.605814 1.251022 1.191277
v -4.173453 1.091494 1.265049
v 1.876996 1.014965 2.250751
v 2.366310 1.040318 2.792753
v 2.290719 1.019682 2.458538
v 1.933432 1.502859 2.441149
v 2.087820 1.013000 1.543182
v 1.953522 1.487203 1.931068
v 2.643855 0.939911 2.501628
v 2.954597 1.005322 3.087241
v 2.628843 1.087245 2.153847
v 3.014817 0.964129 2.981984
v 2.792131 1.009125 2.213342
v 2.964870 1.044881 1.986427
v 2.647887 1.055542 1.699715
v -5.643973 1.170421 2.104976
v -5.522265 1.030094 2.535768
v -5.549508 1.059084 1.947890
v -5.355123 1.059147 1.728484
v -5.311179 1.216750 2.131692
v -5.102634 0.995984 2.595921
v -5.409531 1.184892 1.797619
v -4.928864 0.989385 2.660623
v -4.865596 0.074098 3.032393
v -4.892791 0.097759 2.638732
v -4.971313 0.960115 2.022074
v -4.847126 0.987355 1.765239
v -4.987069 0.386569 2.620872
v -4.569165 0.163761 2.775628
v -4.926076 0.831957 2.762154
v -4.838342 0.177263 2.285216
v -4.585889 0.264157 2.436596
v -4.678312 0.475893 2.624200
v -4.791116 0.560738 2.268750
v -4.831758 0.553014 2.315725
v -4.975644 0.418025 2.218400
v -5.016701 0.405612 2.510939
v -4.848896 0.630728 2.280948
v -4.893153 0.785907 2.321124
v -4.821089 0.575527 1.930595
v -4.546638 0.314329 2.095869
v -4.732476 0.581356 2.314240
v -4.611303 0.846756 2.900435
v -4.728537 0.635869 2.227964
v -4.706345 0.925150 2.587834
v -4.582996 0.198968 2.092237
v -4.684769 0.552063 2.186481
v -4.846513 0.244240 1.782467
v -4.739793 0.652520 1.891955
v -4.686230 0.873598 1.997568
v -4.584673 0.995425 2.343514
v -4.752851 0.514952 1.688275
v -4.639138 0.363257 1.694742
v -4.521866 1.079406 2.207989
v -4.544964 1.008065 2.003703
v 0.066311 0.292863 -0.748055
v -0.276117 0.429272 -0.702129
v -0.036084 0.030026 -0.925194
v 0.016020 0.443807 -1.090581
v -0.115531 0.626340 -1.161575
v 0.134554 0.372280 -0.744344
v 0.204135 0.343001 -0.954129
v 0.382526 0.011978 -0.717852
v 0.116022 0.409022 -1.267836
v 0.219505 0.281707 -0.663464
v 0.435165 0.192233 -0.635337
v 0.695046 0.113834 -0.396899
v 0.735611 0.167764 -0.894956
v 0.827525 0.152358 -0.727030
v 0.935713 0.199815 -0.332748
v 1.233699 0.317341 -0.818262
v 2.731728 1.102468 6.246663
v 2.967053 1.033796 5.416570
v 1.466130 1.300018 7.174592
v 1.809488 1.114126 5.731146
v 1.867061 1.170382 6.139010
v 1.902415 1.372769 5.630892
v 2.397950 1.098373 6.167267
v 2.131340 1.074319 5.923499
v 2.078518 1.093841 5.622769
v 2.805976 1.108155 5.722660
v 2.443005 1.106576 5.490395
v 2.744053 1.034372 5.412984
v -1.723793 0.292718 4.304618
v -1.827519 0.005613 4.128948
v -1.850345 0.808390 4.269939
v -2.168407 1.057920 4.066937
v -1.680283 0.349070 3.903185
v -2.038157 1.021028 4.260194
v -1.779597 0.706313 3.968616
v -1.704548 0.461909 4.332977
v -2.051233 1.001769 3.538547
v -2.024817 1.645799 3.923087
v -1.471792 -0.039984 4.278734
v -1.557740 -0.093334 4.224868
v -1.543897 0.494508 4.609586
v -1.536772 0.478910 4.214928
v -1.631893 0.025433 3.587692
v -2.272663 1.055759 3.769270
v -1.696895 0.144117 3.639734
v -1.540059 0.178282 3.948876
v -1.570590 0.103044 3.888831
v -1.566830 0.394608 3.878258
v -1.624956 0.331464 3.653948
v -1.569051 0.310951 3.685309
v -1.185752 0.565631 4.461545
v -1.550853 0.500469 3.443302
v -1.373828 0.463791 3.712206
v -0.977979 0.286366 3.562016
v -1.079682 0.477837 3.786660
v -0.806515 0.435318 3.441593
v -1.758569 2.002314 4.106921
v -1.598043 2.100571 5.243646
v -1.696108 1.987870 5.587202
v -1.567542 2.134351 4.663583
v -1.432089 2.188078 5.319628
v -1.157126 2.264313 4.591006
v -1.108507 2.244166 5.689084
v -0.783104 2.247438 4.279713
v -0.536500 2.462017 4.768025
v -0.713243 2.289761 4.609179
v -0.724543 2.257078 3.868649
v -0.661710 2.412921 3.622922
v -0.611418 2.463305 4.407450
v -0.403668 2.565839 4.580248
v -0.412205 2.529740 4.215356
v -0.741537 2.232701 3.531164
v -0.210817 2.570219 6.198169
v -0.012169 2.493001 6.332330
v -0.050995 2.496320 7.037593
v -0.275649 2.611602 7.465592
v -0.253806 2.655074 7.225975
v 0.096826 2.221664 6.281766
v 0.056308 2.194860 6.913370
v -0.238608 2.640069 5.796215
v 0.439853 2.226699 7.031137
v 0.678682 2.186974 6.427348
v 1.244779 1.507017 6.529819
v -0.095563 0.817821 7.732337
v -0.217784 0.629323 7.716905
v -0.036250 0.764528 7.594977
v 0.971195 0.875203 7.101563
v 1.218707 0.009937 7.103301
v -2.767629 1.468506 4.376999
v -3.521201 0.923810 4.626676
v -3.335462 0.992707 4.509881
v -3.788345 0.944304 3.550115
v -3.514400 0.907857 3.906754
v -3.176661 0.889239 4.433124
v -3.329375 0.989862 3.676657
v -3.921566 1.410245 3.341973
v -3.170510 0.900584 3.641603
v -3.013488 0.965467 4.655103
v -2.522780 1.457300 4.301723
v 0.615317 2.141309 7.522551
v -1.873705 -0.221671 1.085166
v -1.874927 0.426313 0.945494
v -2.013724 0.313273 0.943846
v -1.919516 0.602202 0.878218
v -1.854653 0.280563 0.786001
v -1.830909 0.369488 0.582163
v -1.907362 -0.249668 0.470168
v -1.892629 -0.257740 0.777069
v -1.840032 0.293254 0.021904
v -1.912742 0.610304 0.233691
v -1.816665 0.507945 0.483813
v -1.694551 0.359254 0.374152
v -1.989679 -0.281025 -0.131004
v -1.961840 0.719532 -0.117927
v -1.831194 0.492114 0.007419
v -2.130582 0.126617 -0.170689
v -1.283706 -0.230298 1.039495
v -0.868937 -0.407476 1.155021
v -0.682445 -0.238762 1.247676
v -0.545577 -0.351567 1.067841
v 0.997918 0.150753 0.720518
v 1.107245 0.341923 0.811532
v 1.018966 0.176258 0.337780
v 0.877019 0.105385 -0.094857
v 1.323638 0.455227 0.033620
v -1.875615 -0.259689 0.086761
v -1.738930 -0.222777 0.692462
v -1.666322 -0.277931 0.914695
v -1.665314 -0.303423 -0.074420
v -1.414907 -0.259006 0.758176
v -1.204470 -0.345462 0.918700
v -1.310422 -0.279458 0.418058
v -1.181702 -0.376033 0.390511
v -1.415403 -0.303211 -0.176458
v -1.093204 -0.321755 0.076027
v -1.030878 -0.342251 1.018867
v -0.918972 -0.425671 0.223463
v -0.811923 -0.301709 -0.153045
v -1.433025 2.152207 6.346528
v -0.781515 2.216986 6.180998
v -0.712937 2.257166 6.229822
v -0.641837 2.448475 6.127884
v -0.451887 2.572845 6.166069
vt 0.317765 0.401440
vt 0.314799 0.399747
vt 0.325585 0.395753
vt 0.307439 0.427209
vt 0.310943 0.430782
vt 0.306666 0.431114
vt 0.314799 0.424782
vt 0.279967 0.550773
vt 0.272117 0.557370
vt 0.274222 0.548581
vt 0.281053 0.569516
vt 0.301283 0.430743
vt 0.308956 0.423285
vt 0.325360 0.400001
vt 0.317863 0.404983
vt 0.326926 0.403495
vt 0.304327 0.439522
vt 0.306392 0.443867
vt 0.330978 0.386778
vt 0.296243 0.447988
vt 0.298592 0.438083
vt 0.302086 0.442663
vt 0.291985 0.429040
vt 0.319243 0.417677
vt 0.301234 0.452186
vt 0.315308 0.414603
vt 0.276649 0.539625
vt 0.315944 0.439913
vt 0.306784 0.457021
vt 0.304513 0.450024
vt 0.323148 0.385154
vt 0.306206 0.464049
vt 0.302262 0.460310
vt 0.336967 0.389049
vt 0.347087 0.377637
vt 0.304278 0.471115
vt 0.301136 0.475079
vt 0.335959 0.377197
vt 0.293023 0.512896
vt 0.283921 0.516753
vt 0.289930 0.505086
vt 0.349162 0.386455
vt 0.283715 0.530964
vt 0.295949 0.490728
vt 0.295861 0.500594
vt 0.323275 0.456532
vt 0.301665 0.487959
vt 0.304738 0.481499
vt 0.302741 0.484191
vt 0.313547 0.483701
vt 0.303143 0.507778
vt 0.341479 0.426485
vt 0.311912 0.542875
vt 0.354907 0.369944
vt 0.354819 0.367517
vt 0.360829 0.389010
vt 0.315572 0.489671
vt 0.361426 0.369005
vt 0.331486 0.523907
vt 0.339718 0.358993
vt 0.322257 0.363759
vt 0.328756 0.492148
vt 0.364685 0.401988
vt 0.346529 0.354079
vt 0.344582 0.455093
vt 0.326417 0.360402
vt 0.320544 0.355391
vt 0.305227 0.574713
vt 0.307684 0.580144
vt 0.312695 0.569036
vt 0.325712 0.508375
vt 0.338484 0.492079
vt 0.347185 0.483848
vt 0.330400 0.496796
vt 0.322688 0.546692
vt 0.327484 0.561343
vt 0.351658 0.509823
vt 0.344327 0.518387
vt 0.327542 0.543100
vt 0.337868 0.530142
vt 0.352323 0.501083
vt 0.357804 0.497951
vt 0.341068 0.350448
vt 0.318518 0.580193
vt 0.329226 0.566413
vt 0.338289 0.345917
vt 0.379366 0.422893
vt 0.337525 0.337490
vt 0.358754 0.338939
vt 0.315201 0.348990
vt 0.312998 0.344047
vt 0.329421 0.579430
vt 0.415872 0.361175
vt 0.338651 0.549804
vt 0.347929 0.522410
vt 0.361044 0.523750
vt 0.349348 0.528262
vt 0.372573 0.607001
vt 0.378074 0.618931
vt 0.375725 0.625459
vt 0.343035 0.532960
vt 0.336488 0.545077
vt 0.377007 0.603487
vt 0.380853 0.615349
vt 0.368130 0.583981
vt 0.362864 0.590352
vt 0.398568 0.487694
vt 0.345306 0.584891
vt 0.340540 0.583580
vt 0.349407 0.578040
vt 0.349426 0.586947
vt 0.353655 0.538177
vt 0.358763 0.569770
vt 0.351570 0.556743
vt 0.345541 0.575212
vt 0.342282 0.574145
vt 0.370743 0.500134
vt 0.335480 0.590793
vt 0.339825 0.595471
vt 0.349113 0.542738
vt 0.342194 0.564720
vt 0.351599 0.586741
vt 0.357011 0.577727
vt 0.374560 0.273071
vt 0.372182 0.280861
vt 0.366319 0.262119
vt 0.365301 0.282212
vt 0.364274 0.266836
vt 0.368854 0.258801
vt 0.348781 0.596411
vt 0.340510 0.598123
vt 0.361230 0.580839
vt 0.364019 0.516811
vt 0.373327 0.510313
vt 0.334579 0.580595
vt 0.343916 0.556616
vt 0.346500 0.550029
vt 0.367229 0.573734
vt 0.424436 0.392553
vt 0.337721 0.316056
vt 0.347665 0.321145
vt 0.328589 0.326147
vt 0.311834 0.341327
vt 0.342536 0.332499
vt 0.347909 0.325912
vt 0.301763 0.337696
vt 0.307821 0.325931
vt 0.390963 0.443300
vt 0.299796 0.329719
vt 0.335470 0.582454
vt 0.384837 0.504871
vt 0.399615 0.509256
vt 0.390132 0.509236
vt 0.301332 0.440872
vt 0.304151 0.431682
vt 0.356718 0.270007
vt 0.356669 0.279912
vt 0.370136 0.297999
vt 0.376684 0.287722
vt 0.379591 0.291118
vt 0.404205 0.282339
vt 0.413552 0.305143
vt 0.408130 0.312171
vt 0.432236 0.331442
vt 0.452339 0.337089
vt 0.375656 0.296217
vt 0.379082 0.306484
vt 0.368286 0.298537
vt 0.365732 0.295816
vt 0.382390 0.318190
vt 0.382987 0.300935
vt 0.361778 0.533087
vt 0.374540 0.304125
vt 0.420716 0.332636
vt 0.368022 0.299721
vt 0.373787 0.309890
vt 0.356424 0.293712
vt 0.360457 0.294123
vt 0.366701 0.299848
vt 0.449667 0.329876
vt 0.350219 0.284042
vt 0.369099 0.302873
vt 0.433665 0.307561
vt 0.367640 0.298723
vt 0.365693 0.309039
vt 0.363569 0.304801
vt 0.367866 0.304517
vt 0.369539 0.304634
vt 0.325213 0.267277
vt 0.444754 0.316174
vt 0.444157 0.324962
vt 0.433176 0.321204
vt 0.367905 0.303205
vt 0.367572 0.300827
vt 0.430494 0.320167
vt 0.412417 0.323808
vt 0.420276 0.324307
vt 0.349652 0.295376
vt 0.335793 0.284571
vt 0.400085 0.350977
vt 0.404979 0.339888
vt 0.437834 0.317485
vt 0.353429 0.320441
vt 0.346774 0.311368
vt 0.357178 0.312513
vt 0.361709 0.327135
vt 0.361709 0.313149
vt 0.358499 0.308804
vt 0.372084 0.313042
vt 0.377340 0.315988
vt 0.349505 0.307297
vt 0.367748 0.303450
vt 0.348164 0.299731
vt 0.340912 0.296805
vt 0.367729 0.302413
vt 0.385757 0.340426
vt 0.398079 0.332626
vt 0.392441 0.341248
vt 0.378925 0.347287
vt 0.366701 0.358307
vt 0.367748 0.361753
vt 0.380746 0.350458
vt 0.352676 0.374153
vt 0.392275 0.547181
vt 0.395113 0.514844
vt 0.409813 0.512515
vt 0.375177 0.528664
vt 0.376283 0.520227
vt 0.369725 0.505067
vt 0.382703 0.563663
vt 0.356972 0.586819
vt 0.353312 0.593631
vt 0.352333 0.591028
vt 0.360603 0.595961
vt 0.353518 0.600042
vt 0.385365 0.585655
vt 0.357344 0.604055
vt 0.373875 0.586066
vt 0.419620 0.417187
vt 0.363295 0.607098
vt 0.359429 0.615476
vt 0.368590 0.636088
vt 0.376694 0.257450
vt 0.407103 0.459586
vt 0.389554 0.617718
vt 0.387146 0.270360
vt 0.520830 0.283337
vt 0.521221 0.287673
vt 0.514967 0.287771
vt 0.031537 0.488236
vt 0.045963 0.469432
vt 0.039049 0.491948
vt 0.061261 0.500528
vt 0.052535 0.500772
vt 0.064013 0.487600
vt 0.073317 0.487453
vt 0.042163 0.502222
vt 0.046551 0.512848
vt 0.056717 0.482262
vt 0.055826 0.475230
vt 0.065149 0.473252
vt 0.056825 0.515395
vt 0.050037 0.494260
vt 0.046296 0.489441
vt 0.082171 0.397574
vt 0.065433 0.377879
vt 0.069890 0.378212
vt 0.086931 0.394989
vt 0.036306 0.506473
vt 0.018609 0.507060
vt 0.043427 0.522985
vt 0.039362 0.519420
vt 0.173235 0.403715
vt 0.168876 0.351367
vt 0.185771 0.370866
vt 0.034426 0.519724
vt 0.067000 0.397290
vt 0.045483 0.371679
vt 0.253163 0.220432
vt 0.248364 0.214556
vt 0.254289 0.212186
vt 0.247561 0.209541
vt 0.018021 0.513279
vt 0.029274 0.333983
vt 0.042349 0.338125
vt 0.040332 0.341955
vt 0.037266 0.525639
vt 0.244358 0.225270
vt 0.051066 0.352522
vt 0.244515 0.214585
vt 0.044220 0.348889
vt 0.045346 0.342885
vt 0.046610 0.342944
vt 0.031331 0.327538
vt 0.041213 0.345285
vt 0.040322 0.344403
vt 0.038598 0.343767
vt 0.030009 0.342582
vt 0.037736 0.358888
vt 0.020626 0.334864
vt 0.036512 0.345216
vt 0.070467 0.367213
vt 0.031782 0.370788
vt 0.243398 0.217014
vt 0.052486 0.344501
vt 0.241900 0.210335
vt 0.242987 0.214477
vt 0.237228 0.218454
vt 0.087078 0.383128
vt 0.027972 0.349555
vt 0.057706 0.353423
vt 0.039607 0.334580
vt 0.040861 0.328802
vt 0.042388 0.335667
vt 0.031791 0.344589
vt 0.022379 0.520488
vt 0.027188 0.366165
vt 0.023662 0.362267
vt 0.043387 0.338537
vt 0.067921 0.356753
vt 0.079086 0.364843
vt 0.079468 0.357223
vt 0.044651 0.327274
vt 0.048480 0.324228
vt 0.089957 0.368966
vt 0.061584 0.343228
vt 0.094423 0.370739
vt 0.074023 0.350015
vt 0.149583 0.351749
vt 0.156879 0.407300
vt 0.086862 0.359378
vt 0.023124 0.355568
vt 0.074816 0.343669
vt 0.059812 0.333473
vt 0.095755 0.366812
vt 0.092083 0.358428
vt 0.096069 0.357047
vt 0.054778 0.318733
vt 0.066942 0.337215
vt 0.076736 0.341318
vt 0.082465 0.332651
vt 0.064993 0.320193
vt 0.070820 0.331172
vt 0.090476 0.339810
vt 0.203782 0.352826
vt 0.169278 0.324394
vt 0.085423 0.321329
vt 0.078861 0.318724
vt 0.066971 0.312632
vt 0.069145 0.311672
vt 0.075815 0.308548
vt 0.285786 0.318665
vt 0.284327 0.306511
vt 0.298753 0.311084
vt 0.293612 0.305414
vt 0.282260 0.301398
vt 0.274827 0.296413
vt 0.249950 0.290733
vt 0.272447 0.301359
vt 0.253319 0.289401
vt 0.251850 0.294513
vt 0.390053 0.251774
vt 0.396444 0.598535
vt 0.405419 0.627534
vt 0.451693 0.356350
vt 0.191706 0.523671
vt 0.202421 0.531114
vt 0.199071 0.535061
vt 0.191314 0.514200
vt 0.202665 0.512564
vt 0.182451 0.534953
vt 0.175096 0.530262
vt 0.183156 0.524053
vt 0.167564 0.504465
vt 0.185526 0.514621
vt 0.196388 0.487169
vt 0.176682 0.496816
vt 0.174253 0.499078
vt 0.138182 0.263653
vt 0.144186 0.263310
vt 0.140455 0.267766
vt 0.133912 0.273378
vt 0.155713 0.263271
vt 0.150395 0.264691
vt 0.152912 0.259490
vt 0.157711 0.266728
vt 0.124667 0.268314
vt 0.131170 0.287256
vt 0.140817 0.277482
vt 0.144597 0.252683
vt 0.154009 0.270949
vt 0.133354 0.282976
vt 0.136273 0.278138
vt 0.170845 0.261439
vt 0.165037 0.248443
vt 0.138417 0.285885
vt 0.168436 0.294396
vt 0.135734 0.293054
vt 0.138917 0.302113
vt 0.128007 0.296609
vt 0.131082 0.300017
vt 0.128819 0.303710
vt 0.105392 0.268481
vt 0.103992 0.297745
vt 0.168876 0.267511
vt 0.120299 0.304875
vt 0.171991 0.265504
vt 0.131728 0.316696
vt 0.161384 0.276267
vt 0.162138 0.300086
vt 0.163637 0.271419
vt 0.180169 0.278686
vt 0.181873 0.269705
vt 0.182754 0.265788
vt 0.191814 0.269372
vt 0.188445 0.273525
vt 0.174841 0.287011
vt 0.178249 0.246621
vt 0.091906 0.273652
vt 0.060390 0.521624
vt 0.193116 0.313190
vt 0.192940 0.252194
vt 0.199688 0.262350
vt 0.082866 0.293739
vt 0.076608 0.274259
vt 0.074777 0.285875
vt 0.199433 0.246425
vt 0.205251 0.269255
vt 0.209893 0.279450
vt 0.208708 0.274632
vt 0.080330 0.306364
vt 0.070879 0.283358
vt 0.205134 0.255484
vt 0.209472 0.263290
vt 0.206044 0.243174
vt 0.198072 0.303974
vt 0.211793 0.252605
vt 0.074454 0.299626
vt 0.064885 0.289930
vt 0.063230 0.302485
vt 0.214937 0.235750
vt 0.055032 0.301555
vt 0.221538 0.276581
vt 0.227610 0.253555
vt 0.224300 0.282359
vt 0.209394 0.304483
vt 0.224153 0.316491
vt 0.220980 0.241626
vt 0.221528 0.286296
vt 0.241528 0.270763
vt 0.219393 0.223155
vt 0.233692 0.241704
vt 0.227728 0.223752
vt 0.227571 0.280175
vt 0.210216 0.325912
vt 0.015847 0.349232
vt 0.238589 0.228160
vt 0.232106 0.223782
vt 0.243477 0.286179
vt 0.238002 0.286835
vt 0.240509 0.290586
vt 0.235328 0.300047
vt 0.020401 0.345990
vt 0.025680 0.344472
vt 0.011136 0.344442
vt 0.019392 0.339124
vt 0.010000 0.333992
vt 0.244877 0.282026
vt 0.255925 0.279372
vt 0.230950 0.311349
vt 0.248755 0.244760
vt 0.231763 0.219335
vt 0.235700 0.220540
vt 0.251400 0.239109
vt 0.246797 0.255357
vt 0.240470 0.305570
vt 0.225622 0.328449
vt 0.260126 0.252801
vt 0.261448 0.273662
vt 0.235201 0.320252
vt 0.271399 0.244231
vt 0.253427 0.354187
vt 0.449041 0.523105
vt 0.438196 0.519933
vt 0.434673 0.516606
vt 0.435887 0.524915
vt 0.412388 0.510430
vt 0.420354 0.514727
vt 0.433587 0.513699
vt 0.431580 0.585322
vt 0.445067 0.589481
vt 0.439625 0.595961
vt 0.436503 0.614889
vt 0.430837 0.619783
vt 0.130063 0.307980
vt 0.439870 0.577208
vt 0.443824 0.575329
vt 0.418749 0.593230
vt 0.422175 0.572706
vt 0.469163 0.405394
vt 0.475877 0.407899
vt 0.464739 0.424449
vt 0.449011 0.464264
vt 0.456685 0.419155
vt 0.460971 0.455622
vt 0.416195 0.615760
vt 0.424073 0.634258
vt 0.416518 0.573763
vt 0.410861 0.581035
vt 0.412818 0.573010
vt 0.406574 0.573460
vt 0.406447 0.585586
vt 0.412945 0.637497
vt 0.470171 0.371070
vt 0.398333 0.571463
vt 0.466658 0.309352
vt 0.450763 0.311309
vt 0.461549 0.309665
vt 0.127605 0.319537
vt 0.123374 0.320712
vt 0.125646 0.322964
vt 0.126694 0.324287
vt 0.123874 0.339242
vt 0.119045 0.343238
vt 0.107361 0.322690
vt 0.127634 0.345637
vt 0.137477 0.382296
vt 0.123394 0.350466
vt 0.117498 0.370259
vt 0.122728 0.362581
vt 0.125725 0.364520
vt 0.146223 0.479392
vt 0.135754 0.483878
vt 0.143961 0.472977
vt 0.158338 0.479539
vt 0.112346 0.515356
vt 0.126782 0.503642
vt 0.126332 0.522730
vt 0.156174 0.473918
vt 0.169151 0.489431
vt 0.165429 0.475308
vt 0.145195 0.489353
vt 0.168113 0.493535
vt 0.139181 0.496620
vt 0.176643 0.478080
vt 0.151110 0.499715
vt 0.140641 0.508970
vt 0.183861 0.490802
vt 0.177848 0.456210
vt 0.151492 0.521173
vt 0.193665 0.440922
vt 0.201637 0.459609
vt 0.136733 0.519361
vt 0.212254 0.454604
vt 0.205956 0.475543
vt 0.162892 0.526521
vt 0.123394 0.369329
vt 0.121758 0.378359
vt 0.121268 0.393735
vt 0.124824 0.387457
vt 0.089272 0.497893
vt 0.079801 0.503818
vt 0.084257 0.493143
vt 0.093512 0.484182
vt 0.087685 0.474535
vt 0.105677 0.487531
vt 0.098194 0.490489
vt 0.099438 0.465074
vt 0.079184 0.512897
vt 0.094688 0.497403
vt 0.098419 0.496982
vt 0.094051 0.505385
vt 0.098047 0.500459
vt 0.105020 0.493633
vt 0.102768 0.500812
vt 0.106411 0.501879
vt 0.099702 0.509900
vt 0.094844 0.528009
vt 0.108242 0.524023
vt 0.225985 0.414645
vt 0.222400 0.432891
vt 0.215525 0.431118
vt 0.237963 0.409258
vt 0.241097 0.409993
vt 0.506511 0.277201
vt 0.490382 0.281586
vt 0.491977 0.271377
vt 0.512687 0.296129
vt 0.520086 0.294064
vt 0.513597 0.306005
vt 0.502420 0.322976
vt 0.497850 0.293242
vt 0.489697 0.299956
vt 0.505591 0.293585
vt 0.490176 0.306357
vt 0.478569 0.304165
vt 0.471228 0.296951
vt 0.468096 0.305877
vt 0.471336 0.313208
vt 0.477786 0.317270
vt 0.485596 0.339027
vt 0.473636 0.268989
vt 0.446682 0.277612
vt 0.492975 0.338997
vt 0.467000 0.264272
vt 0.485596 0.269518
vt 0.485214 0.354168
vt 0.455442 0.257617
vt 0.497664 0.343010
vt 0.297598 0.270988
vt 0.307519 0.279499
vt 0.262535 0.279127
vt 0.256473 0.311065
vt 0.273260 0.230304
vt 0.272055 0.346959
vt 0.274396 0.254270
vt 0.279244 0.238590
vt 0.295071 0.250568
vt 0.291721 0.234623
vt 0.288470 0.229080
vt 0.132257 0.436319
vt 0.129407 0.440638
vt 0.124089 0.431392
vt 0.063886 0.444536
vt 0.066658 0.437053
vt 0.070134 0.442048
vt 0.068832 0.427416
vt 0.062711 0.435947
vt 0.058715 0.430511
vt 0.054778 0.438660
vt 0.053220 0.441186
vt 0.049998 0.441852
vt 0.075061 0.434967
vt 0.137213 0.450314
vt 0.064669 0.448973
vt 0.074884 0.444781
vt 0.104932 0.444242
vt 0.135489 0.462684
vt 0.143980 0.456759
vt 0.146145 0.465603
vt 0.144519 0.443625
vt 0.125705 0.465495
vt 0.479547 0.390644
vt 0.417790 0.251314
vt 0.410225 0.246674
vt 0.403883 0.238815
vt 0.473822 0.385398
vt 0.447025 0.250139
vt 0.440555 0.259388
vt 0.428292 0.243366
vt 0.477893 0.373194
vt 0.451282 0.255835
vt 0.399194 0.250208
vt 0.410685 0.259349
vt 0.394790 0.255835
vt 0.418436 0.265456
vt 0.395749 0.259789
vt 0.413777 0.268931
vt 0.415931 0.276888
vt 0.428076 0.272366
vt 0.126244 0.404361
vt 0.108233 0.396487
vt 0.122933 0.411286
vt 0.123227 0.421305
vt 0.135695 0.409307
vt 0.096588 0.404136
vt 0.126773 0.418249
vt 0.091710 0.404832
vt 0.105118 0.424645
vt 0.107978 0.437739
vt 0.067892 0.412608
vt 0.077069 0.410678
vt 0.086559 0.402501
vt 0.073729 0.420443
vt 0.066315 0.461607
vt 0.064219 0.454771
vt 0.082563 0.423009
vt 0.086941 0.420521
vt 0.087636 0.421853
vt 0.079497 0.413881
vt 0.089556 0.420580
vt 0.093669 0.417828
vt 0.087333 0.433626
vt 0.077235 0.454408
vt 0.068656 0.453125
vt 0.069684 0.474231
vt 0.078939 0.451803
vt 0.081907 0.452920
vt 0.077255 0.452391
vt 0.076324 0.452724
vt 0.077744 0.465456
vt 0.073621 0.453037
vt 0.073357 0.427975
vt 0.089585 0.438816
vt 0.086823 0.461577
vt 0.094502 0.448091
vt 0.080222 0.438190
vt 0.080242 0.451529
vt 0.083219 0.450422
vt 0.078058 0.442656
vt 0.073092 0.446720
vt 0.076824 0.450060
vt 0.080036 0.450207
vt 0.092572 0.459991
vt 0.098644 0.453732
vt 0.422997 0.539704
vt 0.409569 0.563438
vt 0.450793 0.544030
vt 0.462332 0.532755
vt 0.446095 0.562684
vt 0.446662 0.551399
vt 0.431619 0.545507
vt 0.437511 0.554747
vt 0.416557 0.555011
vt 0.459572 0.473620
vt 0.437913 0.563555
vt 0.426579 0.565503
vt 0.450098 0.505380
vt 0.416762 0.564759
vt 0.247257 0.384117
vt 0.278930 0.208033
vt 0.284033 0.221705
vt 0.290742 0.219668
vt 0.070046 0.505454
vt 0.069655 0.518725
vt 0.290066 0.200022
vt 0.296961 0.219002
vt 0.298068 0.194948
vt 0.267060 0.367047
vt 0.075266 0.518793
vt 0.198082 0.394411
vt 0.303778 0.195477
vt 0.077519 0.521771
vt 0.299919 0.226994
vt 0.310672 0.222068
vt 0.252222 0.390483
vt 0.266306 0.375861
vt 0.272231 0.203254
vt 0.054529 0.589681
vt 0.062128 0.596153
vt 0.055093 0.597692
vt 0.074957 0.594451
vt 0.049071 0.599804
vt 0.094352 0.596143
vt 0.100537 0.583047
vt 0.108022 0.588572
vt 0.094075 0.589414
vt 0.087584 0.584500
vt 0.089716 0.581948
vt 0.117916 0.583831
vt 0.119139 0.591125
vt 0.133420 0.583669
vt 0.123383 0.579931
vt 0.123383 0.594327
vt 0.141536 0.592635
vt 0.137550 0.590694
vt 0.162337 0.584768
vt 0.146478 0.581910
vt 0.155626 0.590331
vt 0.168512 0.583133
vt 0.171972 0.586421
vt 0.168091 0.588257
vt 0.170825 0.591287
vt 0.111654 0.595292
vt 0.135839 0.597730
vt 0.154020 0.595292
vt 0.034770 0.590169
vt 0.044607 0.585274
vt 0.037600 0.599738
vt 0.031090 0.596621
vt 0.047293 0.588878
vt 0.046633 0.601343
vt 0.067367 0.586326
vt 0.575786 0.879269
vt 0.587484 0.874752
vt 0.580139 0.882329
vt 0.587754 0.870003
vt 0.545758 0.795314
vt 0.565482 0.787880
vt 0.565719 0.791159
vt 0.215633 0.932313
vt 0.206076 0.926954
vt 0.213765 0.924761
vt 0.587126 0.784414
vt 0.578884 0.796417
vt 0.601631 0.778742
vt 0.595279 0.771908
vt 0.606032 0.776684
vt 0.593024 0.783114
vt 0.608031 0.783370
vt 0.564872 0.801085
vt 0.553222 0.813413
vt 0.582084 0.804502
vt 0.601306 0.781686
vt 0.597347 0.788737
vt 0.591478 0.793847
vt 0.607844 0.769200
vt 0.599996 0.794015
vt 0.606387 0.792242
vt 0.609183 0.798042
vt 0.618095 0.792902
vt 0.612413 0.787289
vt 0.617652 0.801114
vt 0.568461 0.894181
vt 0.574049 0.892405
vt 0.589260 0.890166
vt 0.593169 0.900368
vt 0.572543 0.899460
vt 0.575651 0.925733
vt 0.570092 0.906873
vt 0.568123 0.921717
vt 0.576375 0.937141
vt 0.626091 0.858971
vt 0.618022 0.861056
vt 0.610262 0.860525
vt 0.617656 0.867639
vt 0.597821 0.861133
vt 0.640897 0.866895
vt 0.634344 0.865284
vt 0.603506 0.874038
vt 0.646929 0.881740
vt 0.630541 0.874491
vt 0.621458 0.880186
vt 0.610784 0.886508
vt 0.629286 0.880389
vt 0.626419 0.888332
vt 0.616604 0.892434
vt 0.628562 0.895426
vt 0.619712 0.911419
vt 0.634517 0.895658
vt 0.643503 0.893254
vt 0.601566 0.903495
vt 0.599925 0.891536
vt 0.651128 0.907442
vt 0.636264 0.902588
vt 0.628900 0.900358
vt 0.595109 0.893920
vt 0.239000 0.453469
vt 0.238560 0.458447
vt 0.234296 0.449430
vt 0.247147 0.466877
vt 0.233035 0.458671
vt 0.233925 0.478798
vt 0.228937 0.462065
vt 0.247841 0.456608
vt 0.669968 0.876229
vt 0.663000 0.868749
vt 0.661147 0.861153
vt 0.240272 0.467561
vt 0.254139 0.471395
vt 0.250628 0.482720
vt 0.669794 0.865457
vt 0.226375 0.476744
vt 0.656369 0.881750
vt 0.649497 0.870891
vt 0.635482 0.939091
vt 0.628350 0.935925
vt 0.639334 0.931611
vt 0.652402 0.930308
vt 0.640395 0.935684
vt 0.644063 0.929719
vt 0.643088 0.914565
vt 0.673230 0.888506
vt 0.656996 0.915917
vt 0.641882 0.945007
vt 0.643600 0.941561
vt 0.658338 0.934931
vt 0.654284 0.946146
vt 0.652923 0.939988
vt 0.313230 0.973943
vt 0.311824 0.980541
vt 0.305227 0.973993
vt 0.330644 0.983078
vt 0.326583 0.982380
vt 0.324577 0.979509
vt 0.322571 0.984700
vt 0.319248 0.979509
vt 0.665847 0.925356
vt 0.627761 0.945963
vt 0.644835 0.948356
vt 0.315698 0.970581
vt 0.306918 0.966412
vt 0.637056 0.952536
vt 0.624808 0.955585
vt 0.685836 0.886112
vt 0.677709 0.889847
vt 0.555556 0.891343
vt 0.563760 0.878622
vt 0.662932 0.888515
vt 0.656794 0.890706
vt 0.678587 0.900175
vt 0.557294 0.905734
vt 0.556685 0.914247
vt 0.557043 0.934400
vt 0.565276 0.933647
vt 0.555324 0.926630
vt 0.667719 0.902124
vt 0.012951 0.963401
vt 0.019854 0.970200
vt 0.010000 0.967755
vt 0.670480 0.915675
vt 0.612216 0.778151
vt 0.618508 0.786265
vt 0.281206 0.954721
vt 0.256910 0.942597
vt 0.278659 0.947651
vt 0.273084 0.943640
vt 0.283359 0.942735
vt 0.286565 0.951201
vt 0.283045 0.958339
vt 0.256320 0.934781
vt 0.263006 0.953335
vt 0.254707 0.945675
vt 0.270862 0.955399
vt 0.298295 0.958585
vt 0.290635 0.965822
vt 0.282779 0.962587
vt 0.309022 0.958792
vt 0.297331 0.975940
vt 0.264746 0.964209
vt 0.252839 0.953571
vt 0.278335 0.969627
vt 0.585670 0.945094
vt 0.591480 0.944148
vt 0.593536 0.950596
vt 0.027235 0.968128
vt 0.030100 0.960899
vt 0.241602 0.521183
vt 0.235167 0.536527
vt 0.234287 0.525036
vt 0.235763 0.510983
vt 0.227998 0.514327
vt 0.256291 0.520283
vt 0.256457 0.534747
vt 0.245602 0.532243
vt 0.217906 0.507462
vt 0.219138 0.522376
vt 0.246012 0.510992
vt 0.234394 0.503687
vt 0.226091 0.497604
vt 0.233895 0.490436
vt 0.252438 0.501614
vt 0.242208 0.503697
vt 0.220214 0.490758
vt 0.225231 0.487727
vt 0.242394 0.488959
vt 0.257895 0.489859
vt 0.259293 0.486710
vt 0.258550 0.480920
vt 0.242394 0.478651
vt 0.310222 0.986657
vt 0.313791 0.990000
vt 0.320565 0.969008
vt 0.312228 0.961142
vt 0.319631 0.965075
vt 0.625686 0.969706
vt 0.629817 0.959601
vt 0.640376 0.965498
vt 0.615262 0.956956
vt 0.615513 0.968876
vt 0.645945 0.954755
vt 0.652199 0.959388
vt 0.038588 0.983432
vt 0.033137 0.990000
vt 0.028077 0.983346
vt 0.048058 0.989752
vt 0.662604 0.952207
vt 0.665297 0.918754
vt 0.670837 0.941426
vt 0.667459 0.931649
vt 0.636602 0.924294
vt 0.206813 0.915873
vt 0.203893 0.914368
vt 0.206784 0.909059
vt 0.205918 0.924053
vt 0.213617 0.918232
vt 0.231109 0.928222
vt 0.232456 0.923798
vt 0.245809 0.931939
vt 0.203765 0.921025
vt 0.228995 0.932027
vt 0.216478 0.927819
vt 0.246713 0.945006
vt 0.230156 0.935951
vt 0.656938 0.907278
vt 0.237064 0.518474
vt 0.198750 0.929717
vt 0.202005 0.932529
vt 0.603245 0.965546
vt 0.609220 0.972042
vt 0.589444 0.960334
vt 0.597339 0.967853
vt 0.605929 0.955325
vt 0.602261 0.950316
vt 0.583585 0.960546
vt 0.581297 0.955093
vt 0.587697 0.972042
vt 0.577157 0.969754
vt 0.050905 0.947962
vt 0.050186 0.950833
vt 0.040128 0.950833
vt 0.043002 0.942934
vt 0.224282 0.584007
vt 0.223607 0.577484
vt 0.230629 0.577396
vt 0.227363 0.590882
vt 0.237719 0.577455
vt 0.235548 0.579684
vt 0.235538 0.582110
vt 0.228360 0.573377
vt 0.248311 0.596447
vt 0.246580 0.606852
vt 0.239401 0.593004
vt 0.234111 0.587674
vt 0.242492 0.590393
vt 0.236135 0.568839
vt 0.226424 0.571646
vt 0.245328 0.581983
vt 0.234502 0.552957
vt 0.235832 0.560820
vt 0.230257 0.561123
vt 0.236947 0.603615
vt 0.235470 0.602373
vt 0.229788 0.596867
vt 0.234013 0.605434
vt 0.244809 0.576545
vt 0.250804 0.574462
vt 0.248271 0.589611
vt 0.244389 0.569426
vt 0.234560 0.596075
vt 0.239186 0.607869
vt 0.237475 0.613395
vt 0.237563 0.611400
vt 0.239069 0.607918
vt 0.238218 0.609581
vt 0.247919 0.567988
vt 0.253699 0.564135
vt 0.251508 0.569905
vt 0.236898 0.610021
vt 0.239470 0.605698
vt 0.236057 0.603361
vt 0.244369 0.612837
vt 0.251284 0.610197
vt 0.220781 0.538894
vt 0.241025 0.607811
vt 0.241475 0.608476
vt 0.259606 0.560340
vt 0.257308 0.566042
vt 0.242110 0.557768
vt 0.245396 0.542825
vt 0.246668 0.555128
vt 0.256261 0.544536
vt 0.258540 0.556663
vt 0.217886 0.531960
vt 0.192290 0.923906
vt 0.191396 0.934417
vt 0.199655 0.923739
vt 0.681695 0.897945
vt 0.012616 0.974936
vt 0.201002 0.918960
vt 0.190953 0.914122
vt 0.199232 0.912235
vt 0.187758 0.914447
vt 0.195958 0.908606
vt 0.191455 0.903169
vt 0.192880 0.908193
vt 0.194267 0.901016
vt 0.233449 0.916482
vt 0.226694 0.922952
vt 0.243282 0.917849
vt 0.220923 0.920002
vt 0.229389 0.914565
vt 0.230804 0.911782
vt 0.254530 0.925204
vt 0.223351 0.931192
vt 0.221149 0.933335
vt 0.214679 0.940110
vt 0.196450 0.936442
vt 0.220903 0.942293
vt 0.263203 0.918518
vt 0.208258 0.939117
vt 0.212634 0.937229
vt 0.276349 0.935203
vt 0.213666 0.944633
vt 0.228661 0.945469
vt 0.247716 0.955645
vt 0.237412 0.960158
vt 0.548112 0.806609
vt 0.536896 0.811503
vt 0.537211 0.800297
vt 0.525523 0.813531
vt 0.526242 0.801646
vt 0.517389 0.807781
vt 0.510132 0.818268
vt 0.515774 0.804403
vt 0.574396 0.871277
vt 0.572379 0.861210
vt 0.586056 0.860400
vt 0.585264 0.854068
vt 0.578006 0.857350
vt 0.598680 0.850623
vt 0.591799 0.842438
vt 0.586085 0.842177
vt 0.581336 0.828568
vt 0.594723 0.828945
vt 0.604336 0.843915
vt 0.241837 0.612290
vt 0.290330 0.932794
vt 0.290763 0.943964
vt 0.275729 0.966117
vt 0.310546 0.950699
vt 0.307380 0.947887
vt 0.291825 0.979430
vt 0.272770 0.967956
vt 0.282278 0.976834
vt 0.279534 0.978113
vt 0.284913 0.985644
vt 0.312287 0.943001
vt 0.310222 0.942430
vt 0.049948 0.984874
vt 0.233768 0.591899
vt 0.618167 0.948685
vt 0.601306 0.975912
vt 0.609954 0.944940
vt 0.601556 0.941619
vt 0.569831 0.959861
vt 0.593545 0.977949
vt 0.566212 0.949544
vt 0.584560 0.937373
vt 0.575564 0.948569
vt 0.624499 0.931919
vt 0.637287 0.917036
vt 0.630454 0.919787
vt 0.632703 0.910724
vt 0.642798 0.853769
vt 0.628736 0.847891
vt 0.611961 0.848866
vt 0.591567 0.936572
vt 0.609432 0.939766
vt 0.616333 0.940654
vt 0.589144 0.929294
vt 0.614837 0.931881
vt 0.621159 0.927074
vt 0.606267 0.925279
vt 0.607212 0.920801
vt 0.598786 0.915608
vt 0.588604 0.921727
vt 0.625966 0.924343
vt 0.605166 0.912104
vt 0.595003 0.905531
vt 0.319981 0.665675
vt 0.337641 0.674874
vt 0.326986 0.672631
vt 0.199194 0.667318
vt 0.198446 0.660825
vt 0.211266 0.661051
vt 0.209573 0.656505
vt 0.201752 0.673664
vt 0.212889 0.658916
vt 0.216814 0.667672
vt 0.223475 0.658158
vt 0.217670 0.655305
vt 0.218241 0.650150
vt 0.210478 0.650042
vt 0.197777 0.653387
vt 0.220642 0.645880
vt 0.211492 0.646165
vt 0.222206 0.639465
vt 0.228748 0.640813
vt 0.208275 0.642368
vt 0.221852 0.651872
vt 0.211698 0.639751
vt 0.214020 0.639081
vt 0.202431 0.637999
vt 0.197197 0.646362
vt 0.187761 0.646165
vt 0.228463 0.653761
vt 0.230126 0.648399
vt 0.192366 0.631949
vt 0.207655 0.636740
vt 0.232871 0.633316
vt 0.212102 0.633041
vt 0.232969 0.641187
vt 0.217169 0.632332
vt 0.236865 0.643460
vt 0.183993 0.621166
vt 0.187791 0.615479
vt 0.189434 0.624235
vt 0.204221 0.626911
vt 0.196104 0.624412
vt 0.198908 0.627226
vt 0.197226 0.613010
vt 0.191884 0.605365
vt 0.202726 0.619710
vt 0.241027 0.644158
vt 0.237820 0.640616
vt 0.236678 0.636071
vt 0.241519 0.639997
vt 0.247461 0.648320
vt 0.223760 0.625042
vt 0.216077 0.626449
vt 0.226358 0.628367
vt 0.207989 0.624826
vt 0.249567 0.645850
vt 0.240692 0.637665
vt 0.248543 0.652629
vt 0.249793 0.641925
vt 0.253571 0.647257
vt 0.251623 0.661808
vt 0.246438 0.656476
vt 0.237928 0.628643
vt 0.245828 0.661513
vt 0.185449 0.659851
vt 0.174942 0.652993
vt 0.171125 0.639603
vt 0.184190 0.635933
vt 0.172010 0.637645
vt 0.178100 0.623930
vt 0.182527 0.630060
vt 0.232458 0.653613
vt 0.227824 0.662182
vt 0.187260 0.632470
vt 0.216027 0.669591
vt 0.200778 0.683788
vt 0.177323 0.697188
vt 0.193005 0.691806
vt 0.193891 0.692790
vt 0.181691 0.700483
vt 0.196045 0.687133
vt 0.202214 0.694866
vt 0.184003 0.704350
vt 0.194265 0.683365
vt 0.182026 0.685106
vt 0.195799 0.708659
vt 0.208727 0.707105
vt 0.189444 0.670397
vt 0.210597 0.688451
vt 0.306177 0.723456
vt 0.299920 0.723761
vt 0.299123 0.717504
vt 0.292039 0.716628
vt 0.300323 0.711748
vt 0.306030 0.728021
vt 0.296073 0.710637
vt 0.293653 0.728238
vt 0.219776 0.661789
vt 0.301947 0.704714
vt 0.288753 0.703051
vt 0.296634 0.695348
vt 0.312218 0.699765
vt 0.320364 0.711276
vt 0.312858 0.720190
vt 0.281689 0.715015
vt 0.279466 0.726241
vt 0.271172 0.708580
vt 0.266971 0.722158
vt 0.268948 0.668135
vt 0.275412 0.672385
vt 0.272028 0.677097
vt 0.284759 0.744274
vt 0.256827 0.712536
vt 0.263980 0.701635
vt 0.249970 0.708758
vt 0.246802 0.695003
vt 0.251731 0.695151
vt 0.254023 0.705285
vt 0.255283 0.688638
vt 0.260989 0.730284
vt 0.301504 0.692357
vt 0.311205 0.689071
vt 0.302704 0.680364
vt 0.322932 0.691737
vt 0.328127 0.701438
vt 0.311992 0.678298
vt 0.329239 0.684752
vt 0.314442 0.670978
vt 0.306049 0.664514
vt 0.313163 0.661799
vt 0.305282 0.647454
vt 0.320049 0.653455
vt 0.299704 0.647720
vt 0.313674 0.658434
vt 0.325264 0.653032
vt 0.313802 0.643066
vt 0.342206 0.668479
vt 0.221478 0.673831
vt 0.212623 0.695407
vt 0.225315 0.661936
vt 0.216421 0.680088
vt 0.224587 0.671991
vt 0.214857 0.698919
vt 0.227519 0.675208
vt 0.220760 0.702736
vt 0.216519 0.712309
vt 0.228680 0.715162
vt 0.227056 0.699667
vt 0.236678 0.705501
vt 0.231011 0.685155
vt 0.234356 0.700611
vt 0.241086 0.721420
vt 0.241794 0.690409
vt 0.236393 0.658906
vt 0.232300 0.662290
vt 0.290800 0.680993
vt 0.287760 0.686405
vt 0.290564 0.675356
vt 0.293368 0.673064
vt 0.282673 0.679518
vt 0.285880 0.668636
vt 0.296526 0.668695
vt 0.281512 0.672857
vt 0.282968 0.667406
vt 0.292295 0.666049
vt 0.293427 0.656633
vt 0.284129 0.661061
vt 0.292453 0.659487
vt 0.274399 0.667338
vt 0.279692 0.660588
vt 0.289885 0.646647
vt 0.282673 0.654587
vt 0.274743 0.655315
vt 0.297667 0.652236
vt 0.280489 0.648704
vt 0.242247 0.633788
vt 0.257477 0.650858
vt 0.258234 0.659300
vt 0.253227 0.666600
vt 0.306099 0.657253
vt 0.270434 0.659693
vt 0.265879 0.656092
vt 0.249891 0.632421
vt 0.258057 0.640439
vt 0.258825 0.629332
vt 0.174450 0.666954
vt 0.232645 0.673231
vt 0.238489 0.649195
vt 0.284021 0.687162
vt 0.279377 0.690586
vt 0.277783 0.688835
vt 0.276829 0.697040
vt 0.272835 0.690094
vt 0.278816 0.681387
vt 0.273297 0.682863
vt 0.271595 0.688520
vt 0.278256 0.678898
vt 0.263301 0.683384
vt 0.268004 0.674726
vt 0.264216 0.686562
vt 0.259779 0.682095
vt 0.258805 0.675012
vt 0.263842 0.675641
vt 0.265771 0.667456
vt 0.263036 0.663707
vt 0.255971 0.668066
vt 0.251446 0.683443
vt 0.252882 0.675966
vt 0.242355 0.678455
vt 0.249527 0.664652
vt 0.242030 0.670870
vt 0.238361 0.670476
vt 0.241234 0.668085
vt 0.242827 0.654616
vt 0.238902 0.660372
vt 0.244972 0.657588
vt 0.234179 0.675238
vt 0.244451 0.648556
vt 0.744196 0.658739
vt 0.723702 0.622592
vt 0.747019 0.645703
vt 0.715762 0.630975
vt 0.733265 0.620713
vt 0.744550 0.620024
vt 0.740772 0.623547
vt 0.633887 0.648103
vt 0.586298 0.648399
vt 0.617889 0.641787
vt 0.737132 0.602571
vt 0.746527 0.607146
vt 0.736610 0.613993
vt 0.865740 0.489488
vt 0.857997 0.477829
vt 0.868377 0.479915
vt 0.749813 0.602886
vt 0.761069 0.610550
vt 0.751181 0.613157
vt 0.752726 0.618736
vt 0.719786 0.614928
vt 0.710164 0.608356
vt 0.720495 0.610806
vt 0.727303 0.613039
vt 0.726201 0.604706
vt 0.702756 0.619995
vt 0.731356 0.600092
vt 0.734957 0.629656
vt 0.741992 0.632293
vt 0.900234 0.554756
vt 0.894262 0.557865
vt 0.895856 0.551696
vt 0.909934 0.554520
vt 0.906127 0.557462
vt 0.919015 0.555602
vt 0.903500 0.563620
vt 0.891281 0.563079
vt 0.881216 0.562774
vt 0.945215 0.544927
vt 0.939686 0.544455
vt 0.947508 0.540628
vt 0.918110 0.558347
vt 0.922941 0.553221
vt 0.927073 0.561495
vt 0.682410 0.743940
vt 0.678140 0.743655
vt 0.688717 0.735223
vt 0.916428 0.545547
vt 0.932474 0.557117
vt 0.937433 0.558603
vt 0.924249 0.545675
vt 0.697797 0.735558
vt 0.698752 0.740802
vt 0.932415 0.548646
vt 0.908488 0.600269
vt 0.911981 0.594061
vt 0.914332 0.593539
vt 0.930458 0.538434
vt 0.910220 0.590253
vt 0.916349 0.600052
vt 0.935584 0.563680
vt 0.894557 0.608208
vt 0.894645 0.604509
vt 0.916841 0.607175
vt 0.905478 0.612026
vt 0.716441 0.732478
vt 0.875569 0.572003
vt 0.871781 0.570006
vt 0.875854 0.557944
vt 0.713027 0.714690
vt 0.675041 0.721882
vt 0.693331 0.709810
vt 0.868977 0.581645
vt 0.889254 0.596107
vt 0.864294 0.583317
vt 0.874959 0.598016
vt 0.884561 0.609497
vt 0.860713 0.589692
vt 0.852507 0.577571
vt 0.858430 0.577070
vt 0.856846 0.588089
vt 0.861539 0.598832
vt 0.862729 0.596373
vt 0.870335 0.601233
vt 0.849024 0.588158
vt 0.845060 0.572721
vt 0.855764 0.593775
vt 0.847677 0.600721
vt 0.878274 0.631053
vt 0.693675 0.706790
vt 0.711768 0.702874
vt 0.680856 0.689514
vt 0.699401 0.692563
vt 0.715871 0.697079
vt 0.707518 0.684220
vt 0.865888 0.619729
vt 0.710597 0.692682
vt 0.727785 0.692849
vt 0.626577 0.661366
vt 0.599610 0.658286
vt 0.617220 0.652570
vt 0.634939 0.655354
vt 0.809966 0.497250
vt 0.820129 0.503183
vt 0.810477 0.507354
vt 0.823897 0.504393
vt 0.830066 0.511772
vt 0.816823 0.513484
vt 0.819539 0.497722
vt 0.821900 0.521718
vt 0.830912 0.520636
vt 0.814413 0.522083
vt 0.817591 0.536742
vt 0.809366 0.519731
vt 0.829141 0.541789
vt 0.799330 0.509450
vt 0.831660 0.552906
vt 0.820355 0.548154
vt 0.844647 0.562981
vt 0.833067 0.577316
vt 0.839019 0.554028
vt 0.813911 0.540333
vt 0.842453 0.592447
vt 0.811402 0.549384
vt 0.817138 0.554313
vt 0.826917 0.566729
vt 0.823927 0.560128
vt 0.822254 0.576952
vt 0.651527 0.662192
vt 0.742789 0.572259
vt 0.734702 0.565470
vt 0.737968 0.558249
vt 0.794254 0.535601
vt 0.796084 0.545223
vt 0.648959 0.666334
vt 0.828098 0.584547
vt 0.820680 0.563994
vt 0.800373 0.558377
vt 0.821752 0.591021
vt 0.640036 0.641226
vt 0.656191 0.650602
vt 0.789541 0.507364
vt 0.603781 0.637153
vt 0.650347 0.674018
vt 0.661454 0.670023
vt 0.628240 0.624117
vt 0.661139 0.663432
vt 0.659418 0.676497
vt 0.657351 0.653564
vt 0.786885 0.532905
vt 0.781562 0.503822
vt 0.678544 0.669719
vt 0.679183 0.679764
vt 0.667839 0.674903
vt 0.682223 0.661307
vt 0.674234 0.655059
vt 0.665990 0.657863
vt 0.778188 0.536722
vt 0.773081 0.506105
vt 0.792857 0.557491
vt 0.808529 0.610570
vt 0.809021 0.601922
vt 0.815072 0.599009
vt 0.800314 0.577070
vt 0.761256 0.504373
vt 0.662546 0.642614
vt 0.801790 0.591040
vt 0.703809 0.674756
vt 0.690763 0.646539
vt 0.685342 0.655433
vt 0.699608 0.663343
vt 0.705324 0.656919
vt 0.709033 0.650189
vt 0.704911 0.644306
vt 0.781739 0.562647
vt 0.652078 0.614023
vt 0.612754 0.614554
vt 0.671922 0.624530
vt 0.764542 0.540599
vt 0.776367 0.564634
vt 0.791912 0.578290
vt 0.635884 0.592900
vt 0.607156 0.604981
vt 0.622356 0.591129
vt 0.622986 0.608828
vt 0.757310 0.530435
vt 0.797392 0.608454
vt 0.789787 0.603506
vt 0.802931 0.603132
vt 0.798169 0.595320
vt 0.804633 0.608149
vt 0.639436 0.602246
vt 0.802557 0.615499
vt 0.793939 0.618913
vt 0.631447 0.585610
vt 0.798917 0.620290
vt 0.670869 0.613482
vt 0.733373 0.546777
vt 0.729182 0.532314
vt 0.735872 0.542241
vt 0.648477 0.592703
vt 0.817374 0.621176
vt 0.804594 0.627354
vt 0.792778 0.627777
vt 0.655522 0.604135
vt 0.740998 0.541828
vt 0.738657 0.549591
vt 0.779427 0.617191
vt 0.785704 0.618824
vt 0.784769 0.633306
vt 0.786924 0.631358
vt 0.652393 0.600023
vt 0.787337 0.597770
vt 0.731524 0.558682
vt 0.728248 0.543570
vt 0.670279 0.607343
vt 0.744058 0.548351
vt 0.726172 0.551608
vt 0.724411 0.543668
vt 0.779762 0.603014
vt 0.733373 0.575377
vt 0.726811 0.560364
vt 0.746281 0.563660
vt 0.751771 0.591778
vt 0.756730 0.583140
vt 0.745799 0.594238
vt 0.744471 0.589210
vt 0.745160 0.583317
vt 0.808785 0.640715
vt 0.780736 0.598508
vt 0.762475 0.561948
vt 0.751929 0.597357
vt 0.748141 0.598242
vt 0.741923 0.596520
vt 0.793349 0.636986
vt 0.765358 0.586239
vt 0.729172 0.578034
vt 0.733964 0.586633
vt 0.775659 0.627698
vt 0.698575 0.613954
vt 0.767198 0.611455
vt 0.761620 0.614171
vt 0.727697 0.581753
vt 0.770897 0.605335
vt 0.750414 0.517193
vt 0.751820 0.489911
vt 0.743064 0.522761
vt 0.732488 0.525132
vt 0.738981 0.504068
vt 0.638324 0.588394
vt 0.747265 0.524601
vt 0.743714 0.528271
vt 0.747226 0.508082
vt 0.743556 0.509027
vt 0.718901 0.547043
vt 0.710942 0.537175
vt 0.715349 0.539644
vt 0.713618 0.533879
vt 0.758550 0.547495
vt 0.752194 0.539624
vt 0.655649 0.594808
vt 0.728356 0.590273
vt 0.722354 0.534695
vt 0.751889 0.545341
vt 0.754556 0.557698
vt 0.748279 0.534007
vt 0.759308 0.572623
vt 0.703307 0.535945
vt 0.697227 0.531026
vt 0.722797 0.567576
vt 0.714690 0.556743
vt 0.706308 0.543265
vt 0.680570 0.603653
vt 0.692593 0.535620
vt 0.705609 0.525624
vt 0.707508 0.553428
vt 0.715871 0.577276
vt 0.698545 0.539457
vt 0.712103 0.567940
vt 0.724066 0.581831
vt 0.696164 0.546452
vt 0.693842 0.603516
vt 0.721921 0.588994
vt 0.691648 0.529796
vt 0.713450 0.581841
vt 0.653701 0.578053
vt 0.706072 0.562410
vt 0.679950 0.532865
vt 0.714956 0.594995
vt 0.690773 0.537677
vt 0.717091 0.603319
vt 0.707360 0.576686
vt 0.706859 0.596009
vt 0.689789 0.579244
vt 0.705265 0.589368
vt 0.698506 0.575909
vt 0.692337 0.559528
vt 0.683374 0.535335
vt 0.692691 0.575801
vt 0.676379 0.536899
vt 0.670545 0.528733
vt 0.681672 0.545095
vt 0.672542 0.552257
vt 0.688569 0.565470
vt 0.684850 0.564457
vt 0.681082 0.557009
vt 0.669689 0.534213
vt 0.658158 0.547308
vt 0.673172 0.543117
vt 0.666236 0.540785
vt 0.675867 0.552592
vt 0.968739 0.482876
vt 0.956992 0.469358
vt 0.973461 0.472319
vt 0.970520 0.486152
vt 0.975960 0.469270
vt 0.975390 0.471887
vt 0.977702 0.472014
vt 0.975626 0.467046
vt 0.974199 0.483034
vt 0.959727 0.465580
vt 0.990000 0.486064
vt 0.969044 0.492449
vt 0.968296 0.490609
vt 0.942775 0.475261
vt 0.960396 0.500684
vt 0.966250 0.491268
vt 0.964813 0.499011
vt 0.971720 0.498864
vt 0.961823 0.507797
vt 0.946091 0.466869
vt 0.643804 0.776663
vt 0.629548 0.762013
vt 0.641187 0.763027
vt 0.592477 0.748908
vt 0.607323 0.753719
vt 0.595409 0.753444
vt 0.606929 0.751378
vt 0.633788 0.770612
vt 0.626537 0.762053
vt 0.932297 0.480584
vt 0.958320 0.519298
vt 0.955113 0.521650
vt 0.622976 0.746380
vt 0.891556 0.479777
vt 0.878323 0.479816
vt 0.889097 0.469427
vt 0.949180 0.512382
vt 0.942146 0.493000
vt 0.960957 0.539044
vt 0.889106 0.492223
vt 0.893396 0.478498
vt 0.896436 0.497358
vt 0.584921 0.733344
vt 0.608799 0.743350
vt 0.901159 0.477121
vt 0.620605 0.754064
vt 0.619828 0.746577
vt 0.934895 0.470490
vt 0.639849 0.735656
vt 0.905802 0.491475
vt 0.668843 0.739296
vt 0.936980 0.500408
vt 0.886470 0.501746
vt 0.933389 0.491800
vt 0.894704 0.505829
vt 0.899329 0.508978
vt 0.899998 0.521433
vt 0.928618 0.472428
vt 0.921623 0.489960
vt 0.627364 0.738686
vt 0.953194 0.532000
vt 0.951040 0.529235
vt 0.941850 0.519780
vt 0.935022 0.515274
vt 0.921377 0.496935
vt 0.856384 0.465718
vt 0.933114 0.516957
vt 0.939263 0.528064
vt 0.947144 0.535089
vt 0.594080 0.731357
vt 0.609360 0.734652
vt 0.909039 0.481184
vt 0.615636 0.738509
vt 0.912168 0.504196
vt 0.913034 0.490747
vt 0.624009 0.737171
vt 0.925036 0.481263
vt 0.894419 0.521187
vt 0.867098 0.506557
vt 0.920668 0.484844
vt 0.612695 0.721184
vt 0.626203 0.729271
vt 0.624393 0.732773
vt 0.907436 0.522820
vt 0.858223 0.505859
vt 0.628495 0.724686
vt 0.586475 0.708000
vt 0.632736 0.728858
vt 0.852468 0.490737
vt 0.849074 0.480348
vt 0.840239 0.488858
vt 0.663628 0.731937
vt 0.874103 0.530268
vt 0.923423 0.508515
vt 0.920914 0.514468
vt 0.925774 0.517281
vt 0.622671 0.713047
vt 0.879750 0.541799
vt 0.894478 0.537076
vt 0.903874 0.539064
vt 0.914391 0.518186
vt 0.934275 0.526834
vt 0.863733 0.523716
vt 0.920895 0.524267
vt 0.930064 0.525290
vt 0.916979 0.531213
vt 0.644375 0.706416
vt 0.884650 0.552533
vt 0.927801 0.541632
vt 0.918130 0.541946
vt 0.871771 0.542891
vt 0.899565 0.581467
vt 0.913831 0.577502
vt 0.904996 0.584301
vt 0.861490 0.541415
vt 0.856679 0.525615
vt 0.850274 0.511309
vt 0.834729 0.510857
vt 0.830656 0.491259
vt 0.908282 0.572347
vt 0.913949 0.570350
vt 0.893347 0.581930
vt 0.886578 0.582766
vt 0.881796 0.574512
vt 0.867157 0.552700
vt 0.903018 0.573292
vt 0.910308 0.584360
vt 0.894882 0.574463
vt 0.922085 0.539221
vt 0.821123 0.494653
vt 0.853934 0.550909
vt 0.837041 0.523981
vt 0.619552 0.696322
vt 0.622199 0.687142
vt 0.648241 0.693577
vt 0.837553 0.540982
vt 0.842138 0.537647
vt 0.863054 0.561633
vt 0.850491 0.561102
vt 0.841380 0.545183
vt 0.878825 0.577532
vt 0.587852 0.681476
vt 0.600003 0.680944
vt 0.628505 0.673782
vt 0.614092 0.677137
vt 0.600170 0.670968
vt 0.632490 0.682272
vt 0.648615 0.682981
vt 0.662281 0.688461
vt 0.874683 0.580070
vt 0.671243 0.700060
vt 0.662359 0.683040
vt 0.680964 0.683286
vt 0.833578 0.595871
vt 0.837415 0.601105
vt 0.834296 0.608277
vt 0.846899 0.605552
vt 0.828984 0.594405
vt 0.868288 0.633562
vt 0.824458 0.603073
vt 0.829908 0.604647
vt 0.821457 0.600328
vt 0.830430 0.613285
vt 0.825727 0.614554
vt 0.814983 0.595133
vt 0.825924 0.627374
vt 0.816390 0.628269
vt 0.716225 0.681938
vt 0.713214 0.671991
vt 0.710430 0.665596
vt 0.809454 0.635520
vt 0.824605 0.630434
vt 0.722413 0.654587
vt 0.718980 0.666314
vt 0.825815 0.638481
vt 0.815387 0.645299
vt 0.822982 0.645014
vt 0.827950 0.645240
vt 0.789797 0.449298
vt 0.774951 0.474277
vt 0.781798 0.442361
vt 0.788311 0.423462
vt 0.784297 0.427446
vt 0.795956 0.419270
vt 0.801859 0.436242
vt 0.059251 0.674618
vt 0.031261 0.666816
vt 0.032648 0.658631
vt 0.491062 0.584872
vt 0.465600 0.580080
vt 0.484086 0.574335
vt 0.068421 0.660342
vt 0.050092 0.651409
vt 0.073025 0.654833
vt 0.045989 0.647405
vt 0.123447 0.691393
vt 0.068873 0.679321
vt 0.089032 0.668499
vt 0.075426 0.642682
vt 0.027591 0.619592
vt 0.067683 0.629892
vt 0.035127 0.629174
vt 0.112015 0.660972
vt 0.053702 0.618736
vt 0.330232 0.736108
vt 0.352369 0.740142
vt 0.332033 0.745180
vt 0.327527 0.747659
vt 0.321624 0.762062
vt 0.317590 0.746714
vt 0.325421 0.743330
vt 0.337040 0.750837
vt 0.352733 0.761757
vt 0.578408 0.667436
vt 0.562784 0.669532
vt 0.567507 0.675917
vt 0.565008 0.686100
vt 0.567654 0.695102
vt 0.570399 0.708246
vt 0.574620 0.716550
vt 0.564722 0.726841
vt 0.106663 0.638275
vt 0.351916 0.678130
vt 0.354474 0.681613
vt 0.333991 0.676999
vt 0.348768 0.690989
vt 0.092545 0.628495
vt 0.346623 0.700985
vt 0.332229 0.693754
vt 0.341428 0.708620
vt 0.558986 0.655443
vt 0.558426 0.665026
vt 0.553979 0.656614
vt 0.117820 0.652324
vt 0.567802 0.656279
vt 0.542940 0.672345
vt 0.526382 0.662418
vt 0.529274 0.649294
vt 0.512628 0.669148
vt 0.513297 0.680108
vt 0.527041 0.687113
vt 0.531763 0.695623
vt 0.554530 0.710892
vt 0.534302 0.703917
vt 0.508928 0.702097
vt 0.518019 0.707656
vt 0.536801 0.720760
vt 0.508761 0.719609
vt 0.536624 0.725699
vt 0.516347 0.577739
vt 0.551145 0.591168
vt 0.523843 0.595231
vt 0.536565 0.606221
vt 0.496453 0.591788
vt 0.529796 0.614741
vt 0.499818 0.579569
vt 0.504176 0.572672
vt 0.468364 0.584754
vt 0.500005 0.571491
vt 0.493128 0.566916
vt 0.512441 0.616935
vt 0.486969 0.564732
vt 0.473972 0.603338
vt 0.529638 0.634438
vt 0.505406 0.628466
vt 0.478980 0.614131
vt 0.499031 0.634762
vt 0.527562 0.641256
vt 0.505662 0.647356
vt 0.483457 0.624963
vt 0.875775 0.470539
vt 0.882790 0.455968
vt 0.574492 0.736699
vt 0.574699 0.745121
vt 0.495017 0.658493
vt 0.493187 0.647720
vt 0.498480 0.648704
vt 0.485060 0.648999
vt 0.020626 0.610265
vt 0.466023 0.660303
vt 0.458270 0.656319
vt 0.470381 0.646116
vt 0.574807 0.605454
vt 0.582461 0.594592
vt 0.581664 0.613482
vt 0.570812 0.617220
vt 0.576273 0.632352
vt 0.590588 0.641876
vt 0.568008 0.640823
vt 0.871604 0.455348
vt 0.562430 0.638285
vt 0.582205 0.656122
vt 0.563837 0.650238
vt 0.550919 0.645742
vt 0.082687 0.986409
vt 0.074403 0.990000
vt 0.085727 0.967686
vt 0.480033 0.662251
vt 0.488474 0.667574
vt 0.493689 0.555730
vt 0.497122 0.564919
vt 0.465275 0.670407
vt 0.489537 0.683414
vt 0.097238 0.852075
vt 0.106368 0.856728
vt 0.082844 0.871997
vt 0.508712 0.566060
vt 0.075298 0.856423
vt 0.086809 0.848523
vt 0.101271 0.871948
vt 0.093824 0.880035
vt 0.097798 0.834483
vt 0.109408 0.827252
vt 0.097503 0.821949
vt 0.112045 0.811314
vt 0.109044 0.841469
vt 0.116944 0.813950
vt 0.481725 0.692052
vt 0.447674 0.685844
vt 0.116354 0.827754
vt 0.114524 0.846841
vt 0.449366 0.698762
vt 0.474199 0.709249
vt 0.456115 0.705029
vt 0.463248 0.711876
vt 0.469565 0.723063
vt 0.461881 0.723820
vt 0.123634 0.846103
vt 0.125956 0.832112
vt 0.130138 0.842757
vt 0.480367 0.721144
vt 0.121293 0.839157
vt 0.119689 0.852891
vt 0.824359 0.490029
vt 0.817502 0.490934
vt 0.816784 0.486861
vt 0.111622 0.868947
vt 0.828344 0.480279
vt 0.125336 0.813508
vt 0.818624 0.479649
vt 0.128632 0.825402
vt 0.818102 0.471867
vt 0.133866 0.837199
vt 0.136346 0.831689
vt 0.138845 0.836195
vt 0.130570 0.830223
vt 0.835920 0.473333
vt 0.130934 0.836736
vt 0.841026 0.468876
vt 0.847598 0.460376
vt 0.071274 0.957631
vt 0.068873 0.965847
vt 0.060048 0.963033
vt 0.067053 0.951748
vt 0.859857 0.451334
vt 0.850953 0.453794
vt 0.070753 0.978833
vt 0.240328 0.737751
vt 0.249065 0.738666
vt 0.245139 0.744412
vt 0.236846 0.739139
vt 0.234957 0.743291
vt 0.242276 0.747167
vt 0.127796 0.851701
vt 0.133856 0.844125
vt 0.249498 0.732754
vt 0.241834 0.729290
vt 0.245395 0.723712
vt 0.126537 0.861913
vt 0.119758 0.860447
vt 0.122818 0.858204
vt 0.270218 0.740860
vt 0.264226 0.748456
vt 0.279092 0.760744
vt 0.285536 0.755589
vt 0.285821 0.761561
vt 0.282024 0.772826
vt 0.281040 0.765329
vt 0.284208 0.778001
vt 0.167829 0.705865
vt 0.176792 0.712595
vt 0.159082 0.708777
vt 0.158620 0.702756
vt 0.149972 0.723820
vt 0.142524 0.736728
vt 0.139701 0.735882
vt 0.138845 0.716845
vt 0.086740 0.804033
vt 0.082883 0.814885
vt 0.073429 0.802066
vt 0.071372 0.809297
vt 0.059419 0.813508
vt 0.074885 0.686946
vt 0.080739 0.700110
vt 0.044326 0.689710
vt 0.052335 0.679469
vt 0.088275 0.811993
vt 0.096274 0.812593
vt 0.141196 0.800737
vt 0.154557 0.805489
vt 0.151084 0.810418
vt 0.106978 0.802744
vt 0.078338 0.819873
vt 0.075377 0.832260
vt 0.026824 0.675376
vt 0.199833 0.815820
vt 0.191785 0.816843
vt 0.199135 0.805716
vt 0.180510 0.815830
vt 0.178907 0.822047
vt 0.168793 0.823326
vt 0.200060 0.795926
vt 0.159279 0.849290
vt 0.180078 0.834385
vt 0.166687 0.855961
vt 0.183600 0.806424
vt 0.190762 0.824133
vt 0.163756 0.794628
vt 0.181327 0.782497
vt 0.166697 0.805194
vt 0.175975 0.810536
vt 0.140655 0.820178
vt 0.141048 0.809799
vt 0.149264 0.826957
vt 0.137467 0.812760
vt 0.145200 0.831424
vt 0.149755 0.838881
vt 0.139917 0.827104
vt 0.163943 0.788990
vt 0.160145 0.785980
vt 0.160066 0.778473
vt 0.168321 0.776633
vt 0.157567 0.781700
vt 0.153396 0.789089
vt 0.157823 0.798937
vt 0.150464 0.787465
vt 0.174863 0.779899
vt 0.142229 0.784583
vt 0.154704 0.800305
vt 0.136100 0.793732
vt 0.126546 0.783087
vt 0.122601 0.801259
vt 0.085441 0.778207
vt 0.087990 0.785311
vt 0.069956 0.782202
vt 0.073448 0.789915
vt 0.065233 0.786206
vt 0.076961 0.786895
vt 0.077915 0.769087
vt 0.060540 0.769805
vt 0.075750 0.796162
vt 0.101173 0.773111
vt 0.091659 0.790722
vt 0.119286 0.789876
vt 0.117593 0.798110
vt 0.113894 0.785783
vt 0.148949 0.915779
vt 0.173063 0.912561
vt 0.153356 0.924663
vt 0.175286 0.893947
vt 0.156770 0.898876
vt 0.131820 0.901592
vt 0.481066 0.725896
vt 0.505751 0.724529
vt 0.141845 0.923079
vt 0.134939 0.927358
vt 0.127265 0.937679
vt 0.115331 0.938860
vt 0.103584 0.910426
vt 0.114317 0.903441
vt 0.112448 0.916320
vt 0.117534 0.918445
vt 0.102669 0.921209
vt 0.148427 0.889244
vt 0.127304 0.901070
vt 0.122631 0.896043
vt 0.128937 0.887690
vt 0.108267 0.924338
vt 0.144866 0.880163
vt 0.155501 0.878392
vt 0.150159 0.874614
vt 0.134703 0.884600
vt 0.142760 0.870167
vt 0.152599 0.866380
vt 0.159387 0.868918
vt 0.133197 0.867186
vt 0.131682 0.879622
vt 0.126192 0.867167
vt 0.125543 0.879593
vt 0.115685 0.880783
vt 0.114160 0.869115
vt 0.130000 0.870256
vt 0.542399 0.583858
vt 0.119305 0.949387
vt 0.105768 0.966525
vt 0.098733 0.955251
vt 0.509489 0.735302
vt 0.535364 0.737378
vt 0.094089 0.976797
vt 0.231405 0.756602
vt 0.226791 0.762987
vt 0.222068 0.757222
vt 0.222186 0.735144
vt 0.213873 0.765191
vt 0.213066 0.754211
vt 0.223013 0.778158
vt 0.215398 0.773642
vt 0.224282 0.771812
vt 0.221124 0.769707
vt 0.224567 0.769225
vt 0.224164 0.770268
vt 0.230864 0.769097
vt 0.225423 0.768802
vt 0.209918 0.801023
vt 0.219835 0.802164
vt 0.221379 0.804683
vt 0.218743 0.792119
vt 0.209947 0.788154
vt 0.221743 0.788223
vt 0.220238 0.797323
vt 0.211325 0.794323
vt 0.208353 0.779732
vt 0.206356 0.767454
vt 0.204438 0.814354
vt 0.207980 0.803777
vt 0.198574 0.743546
vt 0.200050 0.730333
vt 0.200217 0.785350
vt 0.181376 0.740742
vt 0.182478 0.742445
vt 0.183698 0.746016
vt 0.185135 0.731937
vt 0.194324 0.766873
vt 0.175080 0.745957
vt 0.169905 0.745229
vt 0.189434 0.742248
vt 0.193005 0.748092
vt 0.188027 0.763636
vt 0.184672 0.748318
vt 0.175936 0.749961
vt 0.175040 0.747954
vt 0.184072 0.744048
vt 0.179645 0.762800
vt 0.177146 0.768290
vt 0.168606 0.755549
vt 0.175109 0.736207
vt 0.172768 0.739532
vt 0.170072 0.735823
vt 0.172295 0.733600
vt 0.169255 0.735371
vt 0.164621 0.733560
vt 0.177795 0.727028
vt 0.164464 0.737997
vt 0.167996 0.735626
vt 0.010000 0.784966
vt 0.015027 0.791716
vt 0.010482 0.790987
vt 0.016513 0.782349
vt 0.023370 0.782359
vt 0.027414 0.791155
vt 0.021688 0.793378
vt 0.019042 0.774656
vt 0.161188 0.726290
vt 0.178651 0.717396
vt 0.025476 0.777243
vt 0.032284 0.776771
vt 0.038443 0.785822
vt 0.169039 0.771537
vt 0.127235 0.673339
vt 0.141294 0.669443
vt 0.154163 0.676133
vt 0.037203 0.803689
vt 0.023193 0.805361
vt 0.023341 0.817630
vt 0.162181 0.718321
vt 0.049718 0.771379
vt 0.052925 0.783923
vt 0.036613 0.776072
vt 0.052581 0.799547
vt 0.053417 0.804653
vt 0.103505 0.694000
vt 0.109231 0.697758
vt 0.168773 0.928096
vt 0.464035 0.730963
vt 0.483319 0.737988
vt 0.452092 0.738076
vt 0.146587 0.934265
vt 0.760223 0.471896
vt 0.567054 0.589023
vt 0.601125 0.578663
vt 0.601774 0.590519
vt 0.613383 0.576066
vt 0.299890 0.757114
vt 0.118971 0.857702
vt 0.145338 0.849881
vt 0.136759 0.856708
vt 0.362138 0.728228
vt 0.353195 0.732153
vt 0.310122 0.751388
vt 0.317993 0.737899
vt 0.581448 0.577709
vt 0.562558 0.581615
vt 0.763007 0.463327
vt 0.397340 0.673929
vt 0.403519 0.680118
vt 0.389922 0.680875
vt 0.773170 0.441161
vt 0.549050 0.572574
vt 0.288547 0.772196
vt 0.288153 0.776820
vt 0.292492 0.777174
vt 0.292089 0.773721
vt 0.311559 0.766332
vt 0.286668 0.784278
vt 0.302370 0.762879
vt 0.297785 0.775551
vt 0.303462 0.772806
vt 0.298926 0.791007
vt 0.319223 0.779870
vt 0.308725 0.770435
vt 0.317777 0.794057
vt 0.305685 0.788734
vt 0.286431 0.795907
vt 0.371977 0.737083
vt 0.273996 0.773623
vt 0.274861 0.776289
vt 0.265554 0.778758
vt 0.295276 0.810655
vt 0.276317 0.785989
vt 0.281089 0.777174
vt 0.289373 0.764630
vt 0.276406 0.769048
vt 0.290229 0.768713
vt 0.291242 0.771330
vt 0.292325 0.770750
vt 0.327664 0.808303
vt 0.268998 0.781848
vt 0.274123 0.766509
vt 0.403962 0.728946
vt 0.389322 0.738863
vt 0.273937 0.770710
vt 0.321387 0.813911
vt 0.261147 0.790673
vt 0.269185 0.791755
vt 0.264413 0.769028
vt 0.419969 0.734643
vt 0.250954 0.788006
vt 0.302212 0.811658
vt 0.318101 0.817453
vt 0.266607 0.801210
vt 0.252479 0.808087
vt 0.257231 0.771084
vt 0.255253 0.800521
vt 0.300737 0.817305
vt 0.218890 0.868377
vt 0.207615 0.860103
vt 0.222048 0.857496
vt 0.242709 0.803168
vt 0.240250 0.757989
vt 0.217995 0.844233
vt 0.205638 0.850313
vt 0.195918 0.829977
vt 0.240417 0.777873
vt 0.233540 0.772944
vt 0.232871 0.783815
vt 0.226407 0.791716
vt 0.228945 0.800944
vt 0.219166 0.815672
vt 0.213105 0.818191
vt 0.220228 0.809976
vt 0.210597 0.810635
vt 0.209977 0.828049
vt 0.203611 0.822106
vt 0.215191 0.821211
vt 0.386459 0.740674
vt 0.398246 0.764217
vt 0.382475 0.752224
vt 0.324565 0.770632
vt 0.348561 0.753375
vt 0.347656 0.800009
vt 0.398403 0.746685
vt 0.406756 0.741795
vt 0.344134 0.835123
vt 0.091089 0.838320
vt 0.081034 0.844676
vt 0.514743 0.562617
vt 0.812278 0.479767
vt 0.802990 0.477986
vt 0.807939 0.491327
vt 0.812799 0.493374
vt 0.802420 0.482237
vt 0.801879 0.489301
vt 0.806719 0.497988
vt 0.798730 0.481873
vt 0.789482 0.493187
vt 0.780244 0.493571
vt 0.160961 0.698712
vt 0.045084 0.814285
vt 0.102649 0.705550
vt 0.049147 0.821841
vt 0.294932 0.839491
vt 0.286077 0.828866
vt 0.312366 0.837819
vt 0.325588 0.843692
vt 0.298975 0.851612
vt 0.287268 0.848503
vt 0.321338 0.837622
vt 0.309335 0.846890
vt 0.300235 0.837543
vt 0.321102 0.859345
vt 0.438337 0.724273
vt 0.198151 0.879543
vt 0.204625 0.874782
vt 0.190378 0.866035
vt 0.199882 0.859876
vt 0.310083 0.861372
vt 0.328284 0.853216
vt 0.321250 0.868151
vt 0.187634 0.878333
vt 0.182941 0.873847
vt 0.300441 0.859867
vt 0.192631 0.851238
vt 0.180619 0.882426
vt 0.172236 0.883882
vt 0.181052 0.880409
vt 0.176024 0.871574
vt 0.174332 0.860782
vt 0.166648 0.863477
vt 0.167435 0.868908
vt 0.162506 0.858135
vt 0.386833 0.712614
vt 0.397262 0.707577
vt 0.432021 0.710676
vt 0.414823 0.704832
vt 0.395078 0.701900
vt 0.416112 0.691019
vt 0.384049 0.692554
vt 0.424308 0.678022
vt 0.408232 0.669679
vt 0.414046 0.676783
vt 0.397596 0.666344
vt 0.436704 0.674539
vt 0.443532 0.668174
vt 0.418936 0.669778
vt 0.412482 0.663786
vt 0.423530 0.662546
vt 0.447281 0.673772
vt 0.132076 0.633169
vt 0.146548 0.642082
vt 0.129764 0.641905
vt 0.148880 0.632175
vt 0.149746 0.653682
vt 0.132873 0.660411
vt 0.136818 0.688431
vt 0.232212 0.722335
vt 0.236983 0.727460
vt 0.230067 0.726388
vt 0.187604 0.724293
vt 0.168665 0.742425
vt 0.354159 0.863999
vt 0.332377 0.875579
vt 0.163697 0.658778
vt 0.093529 0.918061
vt 0.095280 0.924791
vt 0.098979 0.929001
vt 0.101596 0.934914
vt 0.088708 0.935406
vt 0.091925 0.929395
vt 0.085294 0.931805
vt 0.086996 0.949564
vt 0.089573 0.940808
vt 0.083385 0.940178
vt 0.078623 0.937610
vt 0.073970 0.946504
vt 0.081595 0.959894
vt 0.078308 0.951217
vt 0.814846 0.442440
vt 0.809110 0.458251
vt 0.804761 0.452338
vt 0.801711 0.467115
vt 0.786885 0.472575
vt 0.791853 0.484627
vt 0.364509 0.702422
vt 0.370186 0.682646
vt 0.368779 0.680256
vt 0.371603 0.674254
vt 0.344232 0.662979
vt 0.383163 0.666796
vt 0.370737 0.667131
vt 0.540973 0.349586
vt 0.530911 0.358049
vt 0.532724 0.350546
vt 0.655171 0.482716
vt 0.651981 0.486497
vt 0.641415 0.488949
vt 0.524115 0.375537
vt 0.528323 0.365882
vt 0.560565 0.366716
vt 0.653358 0.487243
vt 0.664002 0.487117
vt 0.665408 0.493021
vt 0.658787 0.480583
vt 0.629850 0.494010
vt 0.628357 0.492623
vt 0.673406 0.491925
vt 0.675306 0.497974
vt 0.677826 0.488019
vt 0.546102 0.493719
vt 0.546305 0.483792
vt 0.550939 0.487573
vt 0.551579 0.474709
vt 0.554691 0.485789
vt 0.537047 0.493825
vt 0.539684 0.479856
vt 0.532133 0.496608
vt 0.552354 0.493767
vt 0.552190 0.500466
vt 0.558743 0.489250
vt 0.546286 0.506670
vt 0.535409 0.505769
vt 0.557812 0.507145
vt 0.557890 0.498430
vt 0.523824 0.452276
vt 0.522341 0.449804
vt 0.527508 0.442679
vt 0.557056 0.511779
vt 0.531696 0.501765
vt 0.530620 0.442146
vt 0.552723 0.514290
vt 0.529709 0.507989
vt 0.534440 0.513980
vt 0.531813 0.515279
vt 0.530388 0.514067
vt 0.514741 0.437396
vt 0.508421 0.444909
vt 0.508983 0.441865
vt 0.549039 0.524178
vt 0.533150 0.510577
vt 0.531560 0.511372
vt 0.532094 0.513408
vt 0.510757 0.445626
vt 0.507926 0.446925
vt 0.573740 0.497868
vt 0.576445 0.498256
vt 0.574922 0.498517
vt 0.574011 0.500679
vt 0.564870 0.498944
vt 0.569155 0.524963
vt 0.531483 0.534337
vt 0.530833 0.518177
vt 0.541090 0.529093
vt 0.506685 0.438956
vt 0.580177 0.500417
vt 0.577588 0.500805
vt 0.550833 0.531545
vt 0.571578 0.490423
vt 0.577860 0.501949
vt 0.575717 0.494640
vt 0.514499 0.444812
vt 0.559392 0.521948
vt 0.581408 0.511343
vt 0.561060 0.525331
vt 0.545995 0.538157
vt 0.559150 0.537788
vt 0.561923 0.530411
vt 0.551889 0.537944
vt 0.564017 0.525176
vt 0.576852 0.523703
vt 0.564181 0.532738
vt 0.581689 0.524876
vt 0.588174 0.517557
vt 0.592401 0.518468
vt 0.559082 0.544099
vt 0.579896 0.529442
vt 0.553120 0.357719
vt 0.575659 0.533736
vt 0.550047 0.351660
vt 0.564812 0.538108
vt 0.563881 0.541957
vt 0.567400 0.536092
vt 0.569959 0.532020
vt 0.579091 0.538157
vt 0.570415 0.543586
vt 0.572780 0.539708
vt 0.635928 0.446382
vt 0.584054 0.463822
vt 0.575514 0.449155
vt 0.585150 0.474457
vt 0.610568 0.466808
vt 0.611615 0.470763
vt 0.608406 0.468601
vt 0.609686 0.468756
vt 0.648908 0.455078
vt 0.658118 0.465964
vt 0.646853 0.480496
vt 0.663324 0.461554
vt 0.665321 0.473603
vt 0.658128 0.456338
vt 0.552413 0.456862
vt 0.569426 0.447526
vt 0.558384 0.460274
vt 0.533722 0.473904
vt 0.562766 0.463541
vt 0.545365 0.463618
vt 0.550387 0.468388
vt 0.570085 0.449562
vt 0.547818 0.467234
vt 0.546819 0.476512
vt 0.537978 0.469406
vt 0.542088 0.467389
vt 0.546926 0.471335
vt 0.520092 0.388237
vt 0.546742 0.413936
vt 0.592808 0.475630
vt 0.543358 0.412714
vt 0.544221 0.418570
vt 0.545830 0.414488
vt 0.544715 0.414993
vt 0.609996 0.467738
vt 0.565897 0.380501
vt 0.539607 0.437434
vt 0.552306 0.417775
vt 0.528517 0.454874
vt 0.572431 0.477743
vt 0.584384 0.431114
vt 0.561680 0.479701
vt 0.580119 0.484742
vt 0.523650 0.420809
vt 0.613815 0.499225
vt 0.495876 0.431182
vt 0.507713 0.421643
vt 0.625003 0.495696
vt 0.612332 0.502841
vt 0.511232 0.405395
vt 0.501131 0.417833
vt 0.624256 0.484442
vt 0.634377 0.485934
vt 0.495750 0.425918
vt 0.506792 0.415051
vt 0.505570 0.413257
vt 0.599623 0.504402
vt 0.595775 0.508745
vt 0.606962 0.504402
vt 0.504640 0.412579
vt 0.490205 0.416505
vt 0.494025 0.422476
vt 0.489042 0.417377
vt 0.495430 0.402448
vt 0.497243 0.416427
vt 0.494315 0.408953
vt 0.594253 0.513097
vt 0.507218 0.413975
vt 0.491756 0.415283
vt 0.571316 0.488028
vt 0.600321 0.504780
vt 0.667550 0.482910
vt 0.614572 0.395866
vt 0.596880 0.418502
vt 0.606971 0.408701
vt 0.600098 0.420644
vt 0.583657 0.435234
vt 0.625594 0.428070
vt 0.623791 0.395013
vt 0.579236 0.393113
vt 0.581340 0.369197
vt 0.654017 0.435030
vt 0.639883 0.427013
vt 0.660842 0.410843
vt 0.661986 0.431453
vt 0.659010 0.442437
vt 0.667880 0.433634
vt 0.669596 0.328172
vt 0.665010 0.323063
vt 0.690293 0.317498
vt 0.680317 0.314386
vt 0.679542 0.328346
vt 0.683042 0.328462
vt 0.643887 0.326747
vt 0.661210 0.345670
vt 0.671486 0.338990
vt 0.644158 0.336974
vt 0.662946 0.348248
vt 0.652544 0.357845
vt 0.657672 0.357632
vt 0.640862 0.369440
vt 0.721692 0.283103
vt 0.717659 0.286739
vt 0.721188 0.277578
vt 0.712531 0.282454
vt 0.714451 0.294349
vt 0.704776 0.294203
vt 0.701964 0.301687
vt 0.698387 0.316461
vt 0.639418 0.412811
vt 0.646330 0.375440
vt 0.613040 0.403679
vt 0.624217 0.388411
vt 0.603646 0.363420
vt 0.636810 0.379260
vt 0.643819 0.369052
vt 0.673008 0.368499
vt 0.669586 0.384533
vt 0.675529 0.352698
vt 0.680259 0.343517
vt 0.584849 0.346368
vt 0.604092 0.341666
vt 0.609502 0.346978
vt 0.580943 0.356188
vt 0.573982 0.356139
vt 0.621464 0.346222
vt 0.666843 0.399298
vt 0.479338 0.919450
vt 0.495036 0.911683
vt 0.468622 0.927343
vt 0.479039 0.906036
vt 0.512276 0.892844
vt 0.482104 0.912387
vt 0.465567 0.905689
vt 0.504885 0.912560
vt 0.529304 0.896043
vt 0.448790 0.918400
vt 0.438238 0.914584
vt 0.431907 0.910739
vt 0.440657 0.901815
vt 0.437929 0.897469
vt 0.445697 0.892844
vt 0.425315 0.903646
vt 0.451960 0.904003
vt 0.362504 0.979727
vt 0.351547 0.986367
vt 0.351200 0.984806
vt 0.360152 0.974900
vt 0.366638 0.973483
vt 0.387077 0.969050
vt 0.380736 0.975719
vt 0.378086 0.969387
vt 0.349976 0.988294
vt 0.345640 0.989248
vt 0.374617 0.964521
vt 0.394921 0.961379
vt 0.389708 0.957342
vt 0.361656 0.984353
vt 0.347914 0.985471
vt 0.352270 0.978436
vt 0.351875 0.989566
vt 0.398150 0.965456
vt 0.384475 0.953256
vt 0.344425 0.990000
vt 0.347442 0.983206
vt 0.381228 0.982320
vt 0.408480 0.946770
vt 0.397774 0.974871
vt 0.356837 0.972404
vt 0.369288 0.988352
vt 0.454524 0.896689
vt 0.363255 0.960522
vt 0.404066 0.938184
vt 0.376737 0.953651
vt 0.408547 0.955607
vt 0.374810 0.946549
vt 0.414590 0.958411
vt 0.415553 0.969291
vt 0.457704 0.886320
vt 0.356375 0.948620
vt 0.362475 0.947589
vt 0.355681 0.967845
vt 0.424631 0.945363
vt 0.388561 0.986174
vt 0.393485 0.939437
vt 0.465799 0.892612
vt 0.460065 0.890223
vt 0.437486 0.934908
vt 0.440791 0.943523
vt 0.394353 0.926273
vt 0.462599 0.901565
vt 0.403931 0.928914
vt 0.436580 0.958363
vt 0.417721 0.925521
vt 0.425807 0.922823
vt 0.410465 0.924567
vt 0.480552 0.892998
vt 0.402322 0.978783
vt 0.439028 0.889635
vt 0.420208 0.913456
vt 0.434210 0.965012
vt 0.467215 0.935939
vt 0.503054 0.924982
vt 0.498929 0.882523
vt 0.464237 0.886908
vt 0.405146 0.986463
vt 0.468815 0.894174
vt 0.403874 0.913707
vt 0.411255 0.981009
vt 0.425556 0.974456
vt 0.412479 0.902230
vt 0.446458 0.959934
vt 0.457395 0.970900
vt 0.430394 0.988159
vt 0.442748 0.977289
vt 0.447267 0.967084
vt 0.456499 0.932913
vt 0.463370 0.923324
vt 0.450129 0.927160
vt 0.531665 0.888228
vt 0.381131 0.896236
vt 0.395259 0.873609
vt 0.377036 0.914863
vt 0.401648 0.874110
vt 0.390575 0.903801
vt 0.375928 0.893094
vt 0.363487 0.889047
vt 0.373393 0.873648
vt 0.374935 0.904803
vt 0.369885 0.915336
vt 0.363660 0.906576
vt 0.405685 0.896139
vt 0.395374 0.915923
vt 0.447075 0.984074
vt 0.368421 0.930099
vt 0.358929 0.932180
vt 0.381382 0.929318
vt 0.373518 0.931930
vt 0.369143 0.944265
vt 0.426578 0.790609
vt 0.423947 0.797345
vt 0.419302 0.791746
vt 0.432205 0.791640
vt 0.431974 0.812821
vt 0.424881 0.813409
vt 0.408557 0.794242
vt 0.407256 0.808764
vt 0.416633 0.820714
vt 0.423773 0.824221
vt 0.422916 0.837992
vt 0.415813 0.836730
vt 0.410263 0.838031
vt 0.400385 0.791640
vt 0.400414 0.787120
vt 0.441100 0.833039
vt 0.398496 0.802684
vt 0.393611 0.792440
vt 0.395856 0.829358
vt 0.411226 0.854403
vt 0.401956 0.840276
vt 0.377884 0.824135
vt 0.382346 0.791274
vt 0.451189 0.817071
vt 0.465924 0.813698
vt 0.456576 0.818372
vt 0.465201 0.821803
vt 0.448125 0.832258
vt 0.401079 0.858798
vt 0.457463 0.832788
vt 0.460537 0.826708
vt 0.420102 0.859655
vt 0.391712 0.873561
vt 0.443364 0.840845
vt 0.435761 0.848997
vt 0.376727 0.843591
vt 0.431319 0.845210
vt 0.458263 0.843890
vt 0.468545 0.851445
vt 0.451594 0.850790
vt 0.513895 0.976538
vt 0.494477 0.980865
vt 0.501782 0.973396
vt 0.458504 0.840353
vt 0.518983 0.964800
vt 0.529651 0.970563
vt 0.442931 0.846559
vt 0.461645 0.859077
vt 0.464228 0.845229
vt 0.475271 0.813708
vt 0.479280 0.808311
vt 0.479964 0.817042
vt 0.464074 0.830418
vt 0.469624 0.836479
vt 0.475984 0.829897
vt 0.410205 0.876037
vt 0.451180 0.859781
vt 0.458484 0.862768
vt 0.449590 0.864387
vt 0.429218 0.857179
vt 0.432793 0.857660
vt 0.502813 0.965889
vt 0.440493 0.852148
vt 0.437804 0.856909
vt 0.469412 0.831478
vt 0.450206 0.844478
vt 0.434952 0.860860
vt 0.487230 0.824356
vt 0.425036 0.868482
vt 0.446766 0.860185
vt 0.484571 0.829984
vt 0.477526 0.835053
vt 0.430220 0.875662
vt 0.433738 0.866989
vt 0.482489 0.971353
vt 0.369317 0.862826
vt 0.493388 0.963557
vt 0.483038 0.834629
vt 0.440869 0.863153
vt 0.416796 0.880258
vt 0.476640 0.843389
vt 0.473768 0.980363
vt 0.437833 0.873175
vt 0.465461 0.967595
vt 0.448424 0.876702
vt 0.432302 0.882349
vt 0.422511 0.885481
vt 0.439529 0.885452
vt 0.429285 0.887418
vt 0.441880 0.881646
vt 0.449696 0.884402
vt 0.544520 0.943725
vt 0.546418 0.953140
vt 0.520245 0.951338
vt 0.515456 0.956734
vt 0.497840 0.956089
vt 0.542439 0.937702
vt 0.507737 0.942337
vt 0.526644 0.920665
vt 0.484185 0.964213
vt 0.542092 0.916955
vt 0.469682 0.959172
vt 0.486450 0.947570
vt 0.501820 0.826920
vt 0.493928 0.827161
vt 0.500750 0.834109
vt 0.509905 0.835265
vt 0.491143 0.840671
vt 0.467475 0.862614
vt 0.470675 0.856755
vt 0.472737 0.866729
vt 0.492877 0.849094
vt 0.494082 0.856996
vt 0.490247 0.858720
vt 0.500326 0.862016
vt 0.477603 0.856398
vt 0.500394 0.846578
vt 0.480552 0.862855
vt 0.505559 0.855569
vt 0.484677 0.850452
vt 0.485197 0.860484
vt 0.508874 0.846665
vt 0.464816 0.863799
vt 0.511081 0.859761
vt 0.492415 0.878591
vt 0.491162 0.871027
vt 0.526962 0.910248
vt 0.479338 0.873002
vt 0.539952 0.904311
vt 0.462830 0.868559
vt 0.477594 0.877801
vt 0.472380 0.880413
vt 0.464575 0.874168
vt 0.481130 0.879777
vt 0.454996 0.875324
vt 0.462050 0.949989
vt 0.469894 0.877406
vt 0.460190 0.879468
vt 0.467533 0.881126
vt 0.472949 0.888816
vt 0.538777 0.895908
f 3/1 2/2 1/3
f 6/4 5/5 4/6
f 5/5 6/4 7/7
f 9/8 2/9 8/10
f 9/8 10/11 2/9
f 6/4 12/12 11/13
f 13/14 3/1 1/3
f 2/15 3/1 14/16
f 16/17 5/5 15/18
f 2/2 17/19 1/3
f 20/20 19/21 18/22
f 19/21 21/23 12/12
f 22/24 2/15 14/16
f 18/22 23/25 20/20
f 7/7 11/13 8/26
f 11/13 12/12 21/23
f 8/26 22/24 7/7
f 2/15 22/24 8/26
f 7/7 6/4 11/13
f 8/10 11/27 9/8
f 14/16 3/1 13/14
f 24/28 5/5 7/7
f 26/29 23/25 25/30
f 2/2 10/31 17/19
f 15/18 5/5 24/28
f 28/32 27/33 26/29
f 13/14 1/3 29/34
f 30/35 1/3 17/19
f 13/14 29/34 14/16
f 27/33 23/25 26/29
f 20/20 21/23 19/21
f 28/32 31/36 27/33
f 32/37 27/33 31/36
f 17/19 10/31 33/38
f 34/39 20/40 27/41
f 30/35 29/34 1/3
f 29/34 35/42 14/16
f 9/8 11/27 21/43
f 27/41 32/44 36/45
f 25/30 37/46 26/29
f 25/30 15/18 37/46
f 32/44 38/47 36/45
f 24/28 37/46 15/18
f 40/48 39/49 32/37
f 32/37 31/36 40/48
f 40/48 31/36 41/50
f 34/39 27/41 42/51
f 42/51 27/41 36/45
f 28/32 41/50 31/36
f 24/28 7/7 43/52
f 21/43 44/53 9/8
f 33/38 45/54 17/19
f 17/19 45/54 30/35
f 33/38 46/55 45/54
f 47/56 14/16 35/42
f 14/16 47/56 22/24
f 7/7 22/24 43/52
f 36/45 38/47 48/57
f 32/44 39/49 38/47
f 20/40 34/39 21/43
f 47/56 43/52 22/24
f 37/46 41/50 26/29
f 26/29 41/50 28/32
f 44/53 21/43 34/39
f 41/50 39/49 40/48
f 38/47 39/49 48/57
f 37/46 24/28 43/52
f 47/56 35/42 49/58
f 50/59 44/53 34/39
f 52/60 10/31 51/61
f 44/53 10/11 9/8
f 46/55 33/38 52/60
f 53/62 48/57 39/49
f 41/50 53/62 39/49
f 43/52 47/56 54/63
f 52/60 55/64 46/55
f 43/52 56/65 37/46
f 52/60 51/61 57/66
f 55/64 52/60 58/67
f 51/68 10/11 44/53
f 57/66 58/67 52/60
f 42/51 48/57 50/59
f 34/39 42/51 50/59
f 57/69 51/68 59/70
f 50/59 48/57 60/71
f 53/62 41/50 61/72
f 37/46 62/73 41/50
f 48/57 53/62 63/74
f 62/73 61/72 41/50
f 48/57 63/74 60/71
f 51/68 44/53 59/70
f 64/75 59/70 44/53
f 65/76 59/70 64/75
f 36/45 48/57 42/51
f 60/71 63/74 66/77
f 50/59 64/75 44/53
f 60/71 67/78 50/59
f 69/79 64/75 68/80
f 56/65 62/73 37/46
f 50/59 67/78 64/75
f 63/74 53/62 70/81
f 64/75 67/78 68/80
f 61/72 62/73 71/82
f 60/71 66/77 67/78
f 53/62 61/72 70/81
f 55/64 58/67 72/83
f 57/69 59/70 58/84
f 59/70 65/76 58/84
f 65/76 73/85 58/84
f 72/83 74/86 55/64
f 58/67 74/86 72/83
f 43/52 54/63 75/87
f 74/86 77/88 76/89
f 74/86 79/90 78/91
f 73/85 79/92 58/84
f 75/87 56/65 43/52
f 80/93 75/87 54/63
f 69/79 65/76 64/75
f 65/76 81/94 73/85
f 58/67 79/90 74/86
f 84/95 83/96 82/97
f 87/98 86/99 85/100
f 69/79 89/101 88/102
f 86/99 91/103 90/104
f 93/105 87/98 92/106
f 69/79 88/102 65/76
f 56/65 94/107 62/73
f 97/108 96/109 95/110
f 97/108 95/110 98/111
f 101/112 100/113 99/114
f 100/113 103/115 102/116
f 104/117 71/82 62/73
f 96/109 103/115 95/110
f 105/118 97/108 108/119
f 100/113 95/110 103/115
f 110/120 101/112 99/114
f 73/85 81/94 111/121
f 96/109 97/108 105/118
f 108/119 97/108 98/111
f 113/122 98/111 112/123
f 115/124 114/125 86/126
f 116/127 85/128 114/125
f 85/128 86/126 114/125
f 90/129 115/124 86/126
f 113/122 117/130 98/111
f 118/131 108/119 98/111
f 100/113 112/123 95/110
f 95/110 112/123 98/111
f 113/122 112/123 119/132
f 121/133 70/81 120/134
f 83/96 66/77 121/133
f 121/133 66/77 70/81
f 62/73 94/107 104/117
f 83/96 84/95 66/77
f 102/116 78/135 79/92
f 89/101 69/79 68/80
f 81/94 122/136 111/121
f 78/91 77/88 74/86
f 123/137 99/114 122/136
f 79/92 73/85 111/121
f 98/111 117/130 118/131
f 124/138 119/132 112/123
f 63/74 70/81 66/77
f 80/93 125/139 75/87
f 88/102 81/94 65/76
f 112/123 100/113 124/138
f 81/94 88/102 89/101
f 110/120 123/137 81/94
f 61/72 71/82 70/81
f 128/140 127/141 126/142
f 130/143 129/144 77/88
f 127/141 131/145 126/142
f 131/145 129/144 126/142
f 99/114 102/116 111/121
f 99/114 100/113 102/116
f 67/78 84/95 68/80
f 84/95 89/101 68/80
f 126/142 129/144 96/146
f 122/136 99/114 111/121
f 128/140 126/142 106/147
f 79/92 111/121 102/116
f 56/65 75/87 132/148
f 130/143 96/146 129/144
f 105/149 106/147 126/142
f 103/115 130/150 78/135
f 103/115 96/109 130/150
f 87/98 91/103 86/99
f 78/91 130/143 77/88
f 126/142 96/146 105/149
f 82/97 81/94 89/101
f 82/97 89/101 84/95
f 135/151 134/152 133/153
f 81/94 82/97 110/120
f 16/17 18/22 136/154
f 20/20 23/25 27/33
f 23/25 18/22 25/30
f 12/12 136/154 19/21
f 4/6 16/17 137/155
f 137/155 136/154 12/12
f 136/154 137/155 16/17
f 103/115 78/135 102/116
f 15/18 25/30 18/22
f 99/114 123/137 110/120
f 12/12 6/4 137/155
f 18/22 16/17 15/18
f 123/137 122/136 81/94
f 6/4 4/6 137/155
f 101/112 110/120 82/97
f 18/22 19/21 136/154
f 16/17 4/6 5/5
f 141/156 116/127 140/157
f 143/158 140/157 116/127
f 114/125 115/124 145/159
f 145/159 115/124 146/160
f 149/161 148/162 147/163
f 80/93 151/164 150/165
f 152/166 114/125 145/159
f 153/167 145/159 146/160
f 143/158 154/168 144/169
f 140/157 143/158 144/169
f 147/163 156/170 155/171
f 155/171 153/167 146/160
f 143/158 116/127 152/166
f 101/112 82/97 158/172
f 159/173 152/166 153/167
f 151/164 80/93 160/174
f 152/166 159/173 143/158
f 152/166 145/159 153/167
f 154/168 143/158 159/173
f 163/175 154/168 162/176
f 156/170 153/167 155/171
f 164/177 161/178 163/179
f 151/164 165/180 150/165
f 166/181 161/178 164/177
f 162/176 167/182 163/175
f 148/162 168/183 147/163
f 163/175 161/184 154/168
f 162/176 154/168 159/173
f 172/185 171/186 170/187
f 173/188 167/182 162/176
f 164/177 177/189 166/181
f 180/190 179/191 178/192
f 151/164 178/192 179/191
f 183/193 182/194 167/182
f 184/195 147/163 168/183
f 184/195 185/196 147/163
f 178/192 151/164 186/197
f 164/177 188/198 187/199
f 160/174 80/93 189/200
f 160/174 186/197 151/164
f 147/163 185/196 156/170
f 189/200 192/201 160/174
f 178/192 186/197 184/195
f 184/195 193/202 178/192
f 178/192 193/202 180/190
f 127/141 195/203 131/145
f 127/141 128/140 194/204
f 196/205 127/141 194/204
f 186/197 185/196 184/195
f 197/206 131/145 195/203
f 195/203 127/141 196/205
f 116/127 114/125 152/166
f 197/206 195/203 198/207
f 199/208 172/185 198/207
f 171/186 199/208 188/198
f 129/144 197/206 77/88
f 162/176 159/173 153/167
f 131/145 197/206 129/144
f 196/205 199/208 198/207
f 201/209 200/210 197/206
f 199/208 171/186 172/185
f 200/210 153/167 156/170
f 201/209 198/207 172/185
f 169/211 196/205 194/204
f 196/205 198/207 195/203
f 169/211 199/208 196/205
f 77/88 197/206 76/89
f 171/186 163/179 170/187
f 170/187 163/179 167/212
f 173/188 162/176 201/209
f 197/206 198/207 201/209
f 76/89 197/206 200/210
f 200/210 162/176 153/167
f 201/209 162/176 200/210
f 188/198 164/177 163/179
f 163/179 171/186 188/198
f 201/209 170/187 173/188
f 172/185 170/187 201/209
f 183/193 167/182 173/188
f 202/213 199/208 169/211
f 202/213 188/198 199/208
f 156/170 76/89 200/210
f 183/193 173/188 170/187
f 175/214 187/199 188/198
f 170/187 167/212 203/215
f 175/214 188/198 202/213
f 182/194 183/193 203/215
f 203/215 167/212 182/194
f 177/189 164/177 187/199
f 170/187 203/215 183/193
f 205/216 156/170 204/217
f 192/201 189/200 206/218
f 192/201 204/217 160/174
f 204/217 156/170 185/196
f 204/217 185/196 186/197
f 74/86 76/89 55/64
f 186/197 160/174 204/217
f 192/201 206/218 204/217
f 208/219 207/220 76/89
f 209/221 189/200 80/93
f 208/219 76/89 156/170
f 205/216 210/222 208/219
f 205/216 208/219 156/170
f 189/200 210/222 206/218
f 76/89 207/220 46/55
f 205/216 206/218 210/222
f 55/64 76/89 46/55
f 189/200 209/221 210/222
f 209/221 80/93 54/63
f 206/218 205/216 204/217
f 49/58 209/221 47/56
f 209/221 54/63 47/56
f 209/221 208/219 210/222
f 209/221 49/58 207/220
f 49/58 46/55 207/220
f 208/219 209/221 207/220
f 49/58 35/42 211/223
f 49/58 45/54 46/55
f 45/54 49/58 211/223
f 52/60 33/38 10/31
f 30/35 211/223 29/34
f 211/223 30/35 45/54
f 211/223 35/42 29/34
f 66/77 84/95 67/78
f 214/224 213/225 212/226
f 214/224 215/227 213/225
f 133/153 134/152 213/225
f 213/225 216/228 133/153
f 213/225 215/227 216/228
f 216/228 120/134 133/153
f 120/134 217/229 133/153
f 94/107 134/152 135/151
f 101/112 214/224 218/230
f 222/231 220/232 221/233
f 222/231 119/132 220/232
f 92/106 223/234 219/235
f 224/236 124/138 218/230
f 92/106 219/235 220/232
f 119/132 92/106 220/232
f 217/229 135/151 133/153
f 107/237 219/235 223/234
f 93/105 92/106 119/132
f 124/138 93/105 119/132
f 93/105 124/138 226/238
f 132/148 75/87 227/239
f 92/106 228/240 223/234
f 107/237 223/234 228/240
f 228/240 229/241 107/237
f 85/100 141/242 229/241
f 87/98 93/105 91/103
f 92/106 87/98 228/240
f 85/100 228/240 87/98
f 115/124 90/129 230/243
f 226/238 91/103 93/105
f 135/151 217/229 104/117
f 227/239 75/87 125/139
f 229/241 228/240 85/100
f 121/133 215/227 83/96
f 104/117 94/107 135/151
f 141/156 85/128 116/127
f 120/134 70/81 217/229
f 120/134 216/228 121/133
f 216/228 215/227 121/133
f 215/227 214/224 101/112
f 104/117 217/229 71/82
f 231/244 56/65 132/148
f 101/112 158/172 215/227
f 217/229 70/81 71/82
f 83/96 215/227 158/172
f 82/97 83/96 158/172
f 124/138 100/113 218/230
f 221/233 113/122 119/132
f 119/132 222/231 221/233
f 100/113 101/112 218/230
f 231/244 94/107 56/65
f 113/122 221/233 117/130
f 91/103 230/245 90/104
f 124/138 224/236 226/238
f 193/202 184/195 168/183
f 147/163 155/171 149/161
f 146/160 115/124 232/246
f 961/247 962/248 1217/249
f 1243/250 1242/251 1241/252
f 1247/253 1246/254 1245/255
f 1248/256 1247/253 1245/255
f 1255/257 1246/254 1254/258
f 1258/259 1257/260 1256/261
f 1254/258 1246/254 1259/262
f 1258/259 1246/254 1260/263
f 1246/254 1258/259 1245/255
f 1255/257 1260/263 1246/254
f 1241/252 1242/251 1257/260
f 1261/264 1258/259 1260/263
f 1261/264 1241/252 1257/260
f 1255/257 1261/264 1260/263
f 1264/265 1263/266 1262/267
f 1255/257 1241/252 1261/264
f 1262/267 1266/268 1264/265
f 1267/269 1255/257 1254/258
f 1243/250 1241/252 1265/270
f 1254/258 1269/271 1268/272
f 1267/269 1254/258 1268/272
f 1272/273 1271/274 1270/275
f 1241/252 1267/269 1265/270
f 1241/252 1255/257 1267/269
f 1268/272 1274/276 1267/269
f 1276/277 1275/278 1263/266
f 1278/279 1277/280 1269/281
f 1279/282 1269/281 1277/280
f 1267/269 1283/283 1265/270
f 1287/284 1274/285 1286/286
f 1268/272 1279/287 1274/276
f 1269/271 1279/287 1268/272
f 1278/279 1288/288 1277/280
f 1289/289 1262/267 1263/266
f 1267/269 1274/276 1283/283
f 1277/280 1292/290 1279/282
f 1289/289 1263/266 1293/291
f 1275/278 1293/291 1263/266
f 1289/289 1279/292 1296/293
f 1287/284 1281/294 1274/285
f 1296/295 1279/296 1286/286
f 1279/296 1292/297 1286/286
f 1279/292 1289/289 1293/291
f 1296/295 1286/286 1293/291
f 1286/286 1297/298 1287/284
f 1298/299 1293/291 1275/278
f 1277/280 1288/288 1292/290
f 1281/294 1287/284 1299/300
f 1287/284 1297/298 1299/300
f 1286/286 1292/297 1300/301
f 1262/267 1289/289 1301/302
f 1298/299 1275/278 1294/303
f 1300/301 1292/297 1296/295
f 1274/285 1279/292 1293/291
f 1293/291 1300/301 1296/295
f 1292/290 1288/288 1302/304
f 1303/305 1289/289 1296/293
f 1286/306 1300/307 1297/308
f 1286/286 1274/285 1293/291
f 1301/302 1304/309 1262/267
f 1293/291 1305/310 1300/301
f 1307/311 1301/302 1289/289
f 1300/312 1308/313 1302/314
f 1300/301 1305/310 1308/315
f 1293/291 1298/299 1305/310
f 1274/276 1281/316 1283/283
f 1306/317 1311/318 1298/299
f 1294/303 1306/317 1298/299
f 1292/319 1303/305 1296/293
f 1315/320 1301/302 1307/311
f 1300/307 1302/304 1297/308
f 1301/302 1316/321 1304/309
f 1307/311 1289/289 1303/305
f 1261/264 1257/260 1258/259
f 1301/302 1315/320 1316/321
f 1302/314 1303/305 1292/319
f 1315/320 1323/322 1316/321
f 1302/314 1308/313 1325/323
f 1326/324 1302/314 1325/323
f 1327/325 1316/321 1323/322
f 1315/320 1307/311 1328/326
f 1329/327 1304/309 1327/325
f 1331/328 1315/320 1328/326
f 1332/329 1271/274 1272/273
f 1303/305 1302/314 1326/324
f 1332/329 1272/273 1333/330
f 1307/311 1303/305 1328/326
f 1327/325 1304/309 1316/321
f 1315/320 1331/328 1323/322
f 1327/325 1334/331 1329/327
f 1305/310 1298/299 1335/332
f 1327/325 1323/322 1334/331
f 1323/322 1336/333 1334/331
f 1311/318 1335/332 1298/299
f 1337/334 1328/326 1303/305
f 1340/335 1339/336 1338/337
f 1341/338 1337/334 1303/305
f 1331/328 1342/339 1336/333
f 1328/326 1342/339 1331/328
f 1329/327 1339/336 1340/335
f 1323/322 1331/328 1336/333
f 1334/331 1339/336 1329/327
f 1336/333 1343/340 1334/331
f 1344/341 1334/331 1343/340
f 1339/336 1334/331 1344/341
f 1328/326 1337/334 1342/339
f 1269/271 1254/258 1259/262
f 1346/342 1345/343 1342/339
f 1342/339 1345/343 1336/333
f 1344/341 1347/344 1339/336
f 1343/340 1345/343 1344/341
f 1349/345 1271/274 1348/346
f 1351/347 1347/344 1344/341
f 1336/333 1345/343 1343/340
f 1344/341 1345/343 1352/348
f 1346/342 1353/349 1345/343
f 1354/350 1352/348 1345/343
f 1353/349 1354/350 1345/343
f 1352/348 1354/350 1358/351
f 1346/342 1342/339 1337/334
f 1363/352 1362/353 1355/354
f 1365/355 1362/353 1364/356
f 1365/355 1364/356 1367/357
f 1355/354 1362/353 1365/355
f 1368/358 1367/357 1364/356
f 1362/353 1369/359 1364/356
f 1368/358 1364/356 1369/359
f 1367/357 1368/358 1370/360
f 1368/358 1369/359 1371/361
f 230/243 1429/362 232/246
f 231/244 132/148 227/239
f 230/245 1430/363 1429/364
f 80/93 150/165 1431/365
f 1479/366 1040/367 1038/368
f 1040/367 1480/369 1459/370
f 1457/371 1479/366 1038/368
f 1040/367 1479/366 1480/369
f 1478/372 1484/373 1457/371
f 1457/371 1484/373 1479/366
f 1484/373 1478/372 1487/374
f 1490/375 1484/373 1487/374
f 1479/366 1484/373 1490/375
f 1480/369 1510/376 1459/370
f 1490/375 1480/369 1479/366
f 1490/375 1514/377 1480/369
f 1490/375 1515/378 1514/377
f 1515/378 1490/375 1487/374
f 1639/379 1638/380 1637/381
f 1640/382 1639/379 1637/381
f 1642/383 1641/384 1638/380
f 1641/384 1637/381 1638/380
f 1638/380 1639/379 1643/385
f 1642/383 1644/386 1641/384
f 1646/387 1640/382 1645/388
f 1647/389 1640/382 1637/381
f 1643/385 1639/379 1646/390
f 1644/386 1648/391 1637/381
f 1642/383 1638/380 1643/385
f 1640/382 1646/387 1639/379
f 1644/386 1637/381 1641/384
f 1645/388 1640/382 1649/392
f 1647/389 1650/393 1640/382
f 1648/391 1647/389 1637/381
f 1640/382 1650/393 1649/392
f 1652/394 1643/385 1651/395
f 1647/389 1653/396 1650/393
f 1650/393 1653/396 1649/392
f 1654/397 1647/389 1648/391
f 1649/392 1653/396 1655/398
f 1653/396 1647/389 1654/397
f 1655/398 1653/396 1656/399
f 1658/400 1645/388 1657/401
f 1659/402 1658/400 1657/401
f 1652/394 1642/383 1643/385
f 1651/403 1645/388 1660/404
f 1661/405 1644/386 1642/383
f 1648/391 1644/386 1661/405
f 1660/404 1658/400 1662/406
f 1645/388 1658/400 1660/404
f 1642/383 1663/407 1661/405
f 1651/395 1643/385 1646/390
f 1664/408 1655/398 1656/399
f 1646/387 1645/388 1651/403
f 1642/383 1652/394 1663/407
f 1654/397 1648/391 1665/409
f 1653/396 1654/397 1666/410
f 1661/405 1667/411 1648/391
f 1659/402 1662/406 1658/400
f 1665/409 1648/391 1667/411
f 1666/410 1656/399 1653/396
f 1665/409 1661/405 1668/412
f 1665/409 1667/411 1661/405
f 1669/413 1661/405 1663/407
f 1670/414 1663/407 1652/394
f 1669/413 1663/407 1671/415
f 1663/407 1670/414 1671/415
f 1669/413 1672/416 1661/405
f 1665/409 1673/417 1654/397
f 1668/412 1673/417 1665/409
f 1668/412 1661/405 1672/416
f 1674/418 1670/414 1652/394
f 1651/395 1674/418 1652/394
f 1674/419 1651/403 1660/404
f 1675/420 1259/262 1247/253
f 1676/421 1666/410 1654/397
f 1666/410 1348/346 1656/399
f 1670/414 1674/418 1677/422
f 1670/414 1677/422 1678/423
f 1679/424 1677/425 1674/419
f 1672/416 1669/413 1671/415
f 1674/419 1660/404 1679/424
f 1679/424 1680/426 1677/425
f 1660/404 1351/347 1679/424
f 1678/423 1677/422 1681/427
f 1671/415 1678/423 1682/428
f 1672/416 1671/415 1683/429
f 1649/392 1655/398 1645/388
f 1683/429 1671/415 1684/430
f 1678/423 1671/415 1670/414
f 1351/347 1685/431 1679/424
f 1645/388 1655/398 1657/401
f 1677/425 1680/426 1681/432
f 1682/428 1687/433 1686/434
f 1681/427 1687/433 1678/423
f 1688/435 1687/433 1681/427
f 1671/415 1682/428 1684/430
f 1682/428 1678/423 1687/433
f 1689/436 1654/397 1673/417
f 1687/433 1690/437 1686/434
f 1679/424 1691/438 1680/426
f 1685/431 1691/438 1679/424
f 1668/412 1672/416 1683/429
f 1687/433 1688/435 1690/437
f 1691/438 1681/432 1680/426
f 1681/432 1691/438 1688/439
f 1673/417 1668/412 1689/436
f 1691/438 1354/350 1688/439
f 1689/436 1676/421 1654/397
f 1688/439 1353/349 1692/440
f 1358/351 1685/431 1352/348
f 1353/349 1688/439 1354/350
f 1690/437 1688/435 1693/441
f 1692/440 1693/442 1688/439
f 1354/350 1691/438 1358/351
f 1685/431 1351/347 1352/348
f 1346/342 1692/440 1353/349
f 1358/351 1691/438 1685/431
f 1686/434 1694/443 1682/428
f 1668/412 1683/429 1689/436
f 1686/434 1690/437 1695/444
f 1337/334 1341/338 1346/342
f 1684/430 1682/428 1694/443
f 1341/338 1693/442 1346/342
f 1692/440 1346/342 1693/442
f 1683/429 1684/430 1696/445
f 1689/436 1698/446 1697/447
f 1695/444 1690/437 1699/448
f 1689/436 1683/429 1700/449
f 1690/437 1693/441 1699/448
f 1689/436 1700/449 1698/446
f 1684/430 1694/443 1696/445
f 1694/443 1686/434 1701/450
f 1700/449 1683/429 1696/445
f 1341/451 1702/452 1699/448
f 1701/450 1686/434 1695/444
f 1699/448 1693/441 1341/451
f 1326/453 1702/452 1341/451
f 1702/452 1695/444 1699/448
f 1696/445 1694/443 1703/454
f 1666/410 1676/421 1704/455
f 1697/447 1676/421 1689/436
f 1704/455 1348/346 1666/410
f 1318/456 1305/310 1335/332
f 1705/457 1326/453 1325/458
f 1706/459 1703/454 1701/450
f 1341/338 1303/305 1326/324
f 1707/460 1703/454 1706/459
f 1696/445 1703/454 1707/460
f 1700/449 1696/445 1708/461
f 1701/450 1703/454 1694/443
f 1698/446 1700/449 1709/462
f 1697/447 1698/446 1709/462
f 1704/455 1676/421 1697/447
f 1708/461 1696/445 1707/460
f 1700/449 1708/461 1709/462
f 1707/460 1706/459 1708/461
f 1713/463 1712/464 1305/310
f 1318/456 1713/463 1305/310
f 1711/465 1713/463 1318/456
f 1714/466 1711/465 1710/467
f 1715/468 1706/459 1701/450
f 1714/466 1713/463 1711/465
f 1715/468 1701/450 1716/469
f 1713/463 1714/466 1712/464
f 1305/310 1712/464 1308/315
f 1709/462 1717/470 1697/447
f 1718/471 1695/444 1702/452
f 1308/472 1712/473 1325/458
f 1705/457 1325/458 1712/473
f 1326/453 1719/474 1702/452
f 1718/471 1702/452 1719/474
f 1705/457 1302/304 1288/288
f 1297/308 1705/457 1712/473
f 1714/466 1710/467 1299/300
f 1701/450 1695/444 1720/475
f 1705/457 1719/474 1326/453
f 1712/464 1714/466 1297/298
f 1288/288 1719/474 1705/457
f 1370/360 1715/468 1716/469
f 1714/466 1299/300 1297/298
f 1721/476 1709/462 1708/461
f 1302/304 1705/457 1297/308
f 1370/360 1706/459 1715/468
f 1709/462 1721/476 1717/470
f 1720/475 1695/444 1718/471
f 1371/361 1721/476 1708/461
f 1722/477 1697/447 1717/470
f 1724/478 1723/479 1720/475
f 1722/477 1704/455 1697/447
f 1720/475 1723/479 1701/450
f 1717/470 1725/480 1722/477
f 1716/469 1701/450 1723/479
f 1726/481 1718/471 1719/474
f 1725/480 1717/470 1721/476
f 1727/482 1704/455 1722/477
f 1724/478 1720/475 1718/471
f 1349/345 1348/346 1704/455
f 1727/482 1349/345 1704/455
f 1718/471 1726/481 1724/478
f 1757/483 1758/484 1756/485
f 1757/483 1759/486 1758/484
f 1763/487 1762/488 212/226
f 1758/484 1759/486 1756/485
f 1762/488 1761/489 1756/485
f 1756/485 1759/486 1762/488
f 1762/488 1763/487 1761/489
f 1708/461 1706/459 1368/358
f 1766/490 1765/491 1764/492
f 1368/358 1706/459 1370/360
f 1764/492 1768/493 1770/494
f 1708/461 1368/358 1371/361
f 1659/402 1657/401 1772/495
f 1776/496 1771/497 1765/491
f 1779/498 1766/490 1770/494
f 1766/490 1780/499 1776/496
f 1768/493 1764/492 1765/491
f 1766/490 1776/496 1765/491
f 1786/500 1513/501 1773/502
f 1764/492 1770/494 1766/490
f 1789/503 1788/504 1774/505
f 1774/505 1788/504 1773/502
f 1779/498 1770/494 1790/506
f 1786/500 1773/502 1788/504
f 1787/507 1790/506 1770/494
f 1779/498 1791/508 1766/490
f 1793/509 1792/510 1791/508
f 1780/499 1766/490 1791/508
f 1779/498 1793/509 1791/508
f 1793/509 1794/511 1792/510
f 1795/512 1793/509 1779/498
f 1430/363 1790/506 1429/364
f 1790/506 1430/363 1779/498
f 1794/511 1793/509 1795/512
f 1429/364 1790/506 1796/513
f 227/239 1797/514 1788/504
f 125/139 1797/514 227/239
f 231/244 1788/504 1789/503
f 1795/512 1798/515 1794/511
f 1788/504 231/244 227/239
f 1795/512 1430/363 1798/515
f 224/236 1798/515 1430/363
f 1779/498 1430/363 1795/512
f 151/164 179/191 165/180
f 179/191 180/190 1863/516
f 193/202 1864/517 180/190
f 1863/516 180/190 1865/518
f 1865/518 180/190 1864/517
f 1664/408 1772/495 1655/398
f 1659/402 1772/495 1911/519
f 1912/520 1662/406 1659/402
f 1655/398 1772/495 1657/401
f 1659/402 1911/519 1912/520
f 1913/521 1912/520 1911/519
f 1911/519 1772/495 1664/408
f 1914/522 1913/521 1911/519
f 1915/523 1913/521 1914/522
f 1912/520 1913/521 1916/524
f 1915/523 1916/524 1913/521
f 1911/519 1664/408 1914/522
f 1912/520 1917/525 1662/406
f 1917/525 1660/404 1662/406
f 1918/526 1914/522 1664/408
f 1918/526 1664/408 1656/399
f 1918/526 1656/399 1919/527
f 1920/528 1916/524 1915/523
f 1918/526 1915/523 1914/522
f 1912/520 1916/524 1917/525
f 1920/528 1915/523 1918/526
f 1351/347 1660/404 1917/525
f 1247/253 1259/262 1246/254
f 1921/529 1916/524 1920/528
f 1920/528 1922/530 1921/529
f 1920/528 1918/526 1923/531
f 1916/524 1347/344 1917/525
f 1923/531 1922/530 1920/528
f 1656/399 1332/329 1919/527
f 1919/527 1923/531 1918/526
f 1917/525 1347/344 1351/347
f 1338/337 1347/344 1916/524
f 1332/329 1656/399 1348/346
f 1352/348 1351/347 1344/341
f 1921/529 1338/337 1916/524
f 1340/335 1338/337 1921/529
f 1347/344 1338/337 1339/336
f 1948/532 1947/533 1946/534
f 1946/534 1950/535 1948/532
f 1952/536 1951/537 1886/538
f 1950/535 1946/534 1953/539
f 1955/540 1953/539 1954/541
f 1957/542 1948/532 1956/543
f 1953/539 1955/540 1950/535
f 1950/535 1956/543 1948/532
f 1957/542 1947/533 1948/532
f 1958/544 1947/533 1957/542
f 1956/543 1950/535 1955/540
f 1947/533 1958/544 1951/537
f 1955/540 1954/541 1959/545
f 1957/542 1956/543 1960/546
f 1514/377 1515/378 1955/540
f 1515/378 1956/543 1955/540
f 1961/547 1957/542 1960/546
f 1960/546 1956/543 1487/374
f 1514/377 1955/540 1959/545
f 1961/547 1958/544 1957/542
f 1487/374 1956/543 1515/378
f 1510/376 1963/548 1962/549
f 1959/545 1962/549 1963/548
f 1964/550 1960/546 1487/374
f 1961/547 1951/537 1958/544
f 1963/548 1514/377 1959/545
f 1962/549 1966/551 1965/552
f 1967/553 1951/537 1961/547
f 1965/552 1510/376 1962/549
f 1975/554 1974/555 1965/552
f 1974/555 1510/376 1965/552
f 1886/538 1951/537 1967/553
f 1967/553 1961/547 1964/550
f 1480/369 1514/377 1963/548
f 1478/372 1979/556 1487/374
f 1979/556 1964/550 1487/374
f 1510/376 1480/369 1963/548
f 1923/531 2084/557 1922/530
f 1922/530 2084/557 1921/529
f 2085/558 1921/529 2084/557
f 1921/529 2085/558 2086/559
f 2087/560 2086/559 2085/558
f 2090/561 2089/562 2088/563
f 2085/558 2084/557 2087/560
f 2087/560 2084/557 1923/531
f 2091/564 2090/561 2088/563
f 2091/564 2088/563 2092/565
f 1962/549 1333/330 1966/551
f 2094/566 2093/567 2091/564
f 2094/566 2091/564 2095/568
f 2090/561 2096/569 2089/562
f 2090/561 2093/567 2097/570
f 2097/570 2093/567 2098/571
f 2090/561 2091/564 2093/567
f 2099/572 2090/561 2097/570
f 2099/572 2096/569 2090/561
f 2100/573 2099/572 2097/570
f 2098/571 2100/573 2097/570
f 2101/574 2093/567 2094/566
f 2098/571 2093/567 2101/574
f 2102/575 2100/573 2098/571
f 2101/574 2102/575 2098/571
f 2101/574 2103/576 2102/575
f 2102/575 2104/577 2099/572
f 2102/575 2099/572 2100/573
f 1951/537 2103/576 2101/574
f 2099/572 2104/577 2105/578
f 1868/579 2104/577 1952/536
f 2104/577 2102/575 2103/576
f 2104/577 1868/579 2105/578
f 2104/577 2103/576 1952/536
f 2108/580 2107/581 2106/582
f 1951/537 1952/536 2103/576
f 2110/583 2109/584 2107/581
f 2108/580 2110/583 2107/581
f 1966/551 2106/582 1965/552
f 2106/582 2107/581 1975/554
f 2106/582 1975/554 1965/552
f 955/585 2116/586 2112/587
f 2117/588 957/589 2114/590
f 2118/591 2117/588 2114/590
f 955/585 961/247 1217/249
f 2119/592 2116/586 955/585
f 955/585 1217/249 2119/592
f 2117/588 962/248 957/589
f 2117/588 2121/593 2120/594
f 2122/595 2117/588 2118/591
f 962/248 2120/594 1217/249
f 2122/595 2121/593 2117/588
f 962/248 2117/588 2120/594
f 2121/593 2122/595 2123/596
f 2120/594 2119/592 1217/249
f 2121/593 2123/596 2119/592
f 1864/517 168/183 2132/597
f 1864/517 2132/597 2133/598
f 1865/518 1864/517 2133/598
f 1863/516 2123/596 2134/599
f 1863/516 1865/518 2133/598
f 1863/516 2134/599 179/191
f 2123/596 1863/516 2133/598
f 2134/599 165/180 179/191
f 2120/594 2121/593 2119/592
f 2123/596 2132/597 2119/592
f 165/180 2134/599 2137/600
f 2133/598 2132/597 2123/596
f 2123/596 2137/600 2134/599
f 2137/600 2123/596 2122/595
f 2137/600 2122/595 2138/601
f 2137/600 150/165 165/180
f 150/165 2137/600 2138/601
f 2132/597 2139/602 2116/586
f 2132/597 2116/586 2119/592
f 2132/597 2140/603 2139/602
f 1431/365 150/165 2138/601
f 2132/597 168/183 2140/603
f 2122/595 2118/591 2138/601
f 2118/591 2141/604 2138/601
f 2139/602 2140/603 2142/605
f 2116/586 2139/602 2143/606
f 2116/586 2143/606 2112/587
f 2138/601 2148/607 1797/514
f 2138/601 2141/604 2148/607
f 2143/606 2139/602 2142/605
f 2142/605 2140/603 1228/608
f 2141/604 2118/591 2144/609
f 2141/604 2144/609 2148/607
f 1367/357 2165/610 2164/611
f 1716/469 2220/612 1370/360
f 1716/469 1723/479 2220/612
f 1371/361 2221/613 1721/476
f 1367/357 1370/360 2220/612
f 1721/476 2221/613 1725/480
f 1726/481 1278/279 2222/614
f 2223/615 1725/480 2221/613
f 1724/478 1726/481 2224/616
f 1726/481 1719/474 1278/279
f 1722/477 1725/480 2223/615
f 2221/613 1369/359 1362/353
f 2223/615 1727/482 1722/477
f 1363/352 2223/615 2221/613
f 2220/612 1723/479 2224/616
f 2224/616 1723/479 1724/478
f 2221/613 1371/361 1369/359
f 2221/613 1362/353 1363/352
f 2222/614 2225/617 1726/481
f 2225/617 2224/616 1726/481
f 2225/617 2226/618 2224/616
f 2165/610 1367/357 2220/612
f 2226/618 2225/617 2227/619
f 2225/617 2229/620 2227/619
f 2224/616 2165/610 2220/612
f 2226/618 2165/610 2224/616
f 2226/618 2164/611 2165/610
f 2234/621 2233/622 2232/623
f 2237/624 2236/625 2235/626
f 2241/627 2240/628 2239/629
f 2242/630 2239/629 2240/628
f 2240/628 2236/625 2243/631
f 2242/630 2240/628 2243/631
f 2242/630 2243/631 2244/632
f 2239/629 2242/630 2244/632
f 2236/625 2237/624 2243/631
f 2245/633 2240/628 2241/627
f 2234/621 2246/634 2233/622
f 2244/632 2237/624 2239/635
f 2241/636 2239/635 2237/624
f 2248/637 2233/622 2247/638
f 2246/634 2247/638 2233/622
f 2237/624 2244/632 2243/631
f 2235/626 2241/636 2237/624
f 2246/634 2234/621 2249/639
f 2250/640 2246/634 2249/639
f 1953/539 2250/640 2249/639
f 2249/639 2234/621 2251/641
f 2250/640 2247/638 2246/634
f 2247/638 1946/534 2252/642
f 2247/638 2250/640 1946/534
f 2251/641 1953/539 2249/639
f 2251/641 1954/541 1953/539
f 1954/541 2251/641 1959/545
f 1959/545 2251/641 1962/549
f 1513/501 1786/500 1520/643
f 2250/640 1953/539 1946/534
f 2255/644 2254/645 1787/646
f 2256/647 1520/643 1786/500
f 1797/514 2256/647 1786/500
f 1786/500 1788/504 1797/514
f 1235/648 2257/649 2253/650
f 2258/651 2148/607 2256/647
f 2258/651 1797/514 2148/607
f 1229/652 2257/649 1235/648
f 2258/651 2256/647 1797/514
f 2254/645 1796/653 1787/646
f 2259/654 2254/645 2255/644
f 1429/362 1796/653 2260/655
f 1796/513 1790/506 1787/507
f 1796/653 2254/645 2259/654
f 2253/650 2261/656 2255/644
f 2262/657 2260/655 1796/653
f 2259/654 2262/657 1796/653
f 1429/362 2260/655 2262/657
f 2261/656 2263/658 2255/644
f 2263/658 2259/654 2255/644
f 2261/656 2264/659 2263/658
f 2262/657 2263/658 149/161
f 2259/654 2263/658 2262/657
f 2265/660 2264/659 2261/656
f 1797/514 125/139 1431/365
f 2265/660 168/183 149/161
f 1431/365 2138/601 1797/514
f 149/161 232/246 2262/657
f 149/161 146/160 232/246
f 1429/362 2262/657 232/246
f 2263/658 2264/659 149/161
f 80/93 1431/365 125/139
f 1923/531 1919/527 2087/560
f 2086/559 1340/335 1921/529
f 1919/527 2266/661 2087/560
f 1332/329 1333/330 1919/527
f 2267/662 1329/327 1340/335
f 2267/662 1340/335 2086/559
f 2087/560 2266/661 2086/559
f 1304/309 1329/327 2267/662
f 2086/559 2266/661 2268/663
f 2269/664 2086/559 2268/663
f 2270/665 2268/663 2266/661
f 2267/662 2086/559 2271/666
f 2267/662 2271/666 1304/309
f 1333/330 2270/665 1919/527
f 2266/661 1919/527 2270/665
f 2268/663 2270/665 2272/667
f 2271/666 1266/268 1304/309
f 2086/559 2269/664 2271/666
f 2268/663 2272/667 2269/664
f 2273/668 1266/268 2271/666
f 1262/267 1304/309 1266/268
f 2232/623 2271/666 2269/664
f 2251/641 2272/667 2270/665
f 2272/667 2232/623 2269/664
f 2271/666 2232/623 2276/669
f 2277/670 2276/669 2232/623
f 2275/671 1276/277 2278/672
f 2234/621 2232/623 2272/667
f 1264/265 1276/277 1263/266
f 1276/277 1264/265 2278/672
f 2280/673 1264/265 1266/268
f 1264/265 2280/673 2278/672
f 2251/641 2234/621 2272/667
f 2278/672 2281/674 2275/671
f 1266/268 2273/668 2280/673
f 2283/675 1257/260 2282/676
f 2286/677 2285/678 2284/679
f 2286/677 2287/680 2285/678
f 2286/677 2278/672 2287/680
f 2287/680 2278/672 2280/673
f 2278/672 2286/677 2281/674
f 2288/681 2285/678 2287/680
f 2280/673 2289/682 2287/680
f 2245/633 2286/677 2290/683
f 2287/680 2289/682 2288/681
f 2292/684 2282/676 2291/685
f 2293/686 1258/259 1256/261
f 2288/687 2294/688 2285/689
f 2285/689 2292/684 2284/690
f 2282/676 1257/260 1242/251
f 1257/260 2283/675 1256/261
f 1256/261 2295/691 2293/686
f 2273/668 2289/682 2280/673
f 2284/679 2290/683 2286/677
f 2276/669 2273/668 2271/666
f 2273/668 2276/669 2289/682
f 2295/691 2283/675 2292/684
f 2292/684 2283/675 2282/676
f 2297/692 2284/690 2292/684
f 2245/633 2298/693 2286/677
f 2298/693 2281/674 2286/677
f 2277/670 2248/637 2299/694
f 2283/675 2295/691 1256/261
f 2301/695 2294/688 2300/696
f 2236/625 2245/633 2302/697
f 2290/683 2276/669 2277/670
f 2284/679 2288/681 2290/683
f 2290/683 2289/682 2276/669
f 2240/628 2245/633 2236/625
f 2285/689 2294/688 2292/684
f 2289/682 2290/683 2288/681
f 2294/688 2295/691 2292/684
f 2295/691 1248/256 2293/686
f 2284/698 2297/699 2294/688
f 2294/688 2288/687 2284/698
f 2290/683 2299/694 2302/697
f 1245/255 1258/259 2293/686
f 1248/256 1245/255 2293/686
f 2294/688 2297/699 2299/694
f 2291/685 2297/692 2292/684
f 2241/627 2298/693 2245/633
f 2295/691 2294/688 2301/695
f 1248/256 2295/691 2301/695
f 2277/670 2232/623 2233/622
f 2245/633 2290/683 2302/697
f 2241/636 2303/700 2298/701
f 2294/688 2299/694 2300/696
f 2303/700 2296/702 2298/701
f 2303/700 2302/697 2299/694
f 2290/683 2277/670 2299/694
f 2299/694 2297/699 2291/703
f 2300/696 2304/704 2301/695
f 2291/703 2303/700 2299/694
f 2305/705 2304/704 2300/696
f 2305/705 2300/696 2248/637
f 2303/700 2291/703 2296/702
f 2299/694 2248/637 2300/696
f 2241/636 2235/626 2303/700
f 2302/697 2235/626 2236/625
f 2235/626 2302/697 2303/700
f 2277/670 2233/622 2248/637
f 2251/641 2270/665 1333/330
f 2092/565 2301/695 2304/704
f 2092/565 1248/256 2301/695
f 2305/705 2248/637 2095/568
f 2092/565 2304/704 2095/568
f 2092/565 2088/563 1248/256
f 2251/641 1333/330 1962/549
f 2248/637 2252/642 2095/568
f 2247/638 2252/642 2248/637
f 2095/568 2252/642 2094/566
f 94/107 1763/487 134/152
f 214/224 212/226 2322/706
f 231/244 1789/503 94/107
f 2323/707 218/230 214/224
f 2077/708 1757/483 1749/709
f 2077/708 2325/710 2326/711
f 1759/486 1757/483 2077/708
f 2326/711 2328/712 2322/706
f 2326/711 2325/710 2329/713
f 2328/712 2326/711 2329/713
f 2322/706 2077/708 2326/711
f 2331/714 2329/713 2325/710
f 2327/715 1789/503 1774/505
f 1771/497 1776/496 2330/716
f 2332/717 2330/716 1776/496
f 2331/714 2325/710 2330/716
f 2322/706 1759/486 2077/708
f 1780/499 2332/717 1776/496
f 1759/486 2322/706 1762/488
f 1763/487 1760/718 1761/489
f 1763/487 2327/715 1760/718
f 2331/714 2330/716 2333/719
f 2329/713 2331/714 2328/712
f 2331/714 2322/706 2328/712
f 2330/716 2332/717 2333/719
f 2323/707 2331/714 2333/719
f 1791/508 2333/719 1780/499
f 2333/719 2332/717 1780/499
f 2322/706 212/226 1762/488
f 1763/487 94/107 2327/715
f 1792/510 2323/707 2333/719
f 2333/719 1791/508 1792/510
f 2331/714 2323/707 214/224
f 2323/707 1792/510 1794/511
f 214/224 2322/706 2331/714
f 1794/511 1798/515 2323/707
f 1798/515 218/230 2323/707
f 2327/715 94/107 1789/503
f 2394/720 1349/345 1727/482
f 2222/614 1675/721 2395/722
f 2225/617 2395/722 2229/620
f 2225/617 2222/614 2395/722
f 2396/723 2229/620 2395/722
f 2088/563 2397/724 1248/256
f 2397/724 2398/725 1675/420
f 2398/726 2395/722 1675/721
f 2398/726 2396/723 2395/722
f 2227/619 2229/620 2399/727
f 2396/723 2399/727 2229/620
f 2089/562 2397/724 2088/563
f 2400/728 2396/723 2398/726
f 2230/729 2394/720 1727/482
f 2089/562 2398/725 2397/724
f 2398/725 2089/562 2096/569
f 2096/569 2400/730 2398/725
f 1349/345 2108/580 2401/731
f 2396/723 2402/732 2399/727
f 2396/723 2400/728 2402/732
f 2096/569 2402/733 2400/730
f 2227/619 2403/734 2226/618
f 2096/569 2099/572 2402/733
f 2399/727 2403/734 2227/619
f 2238/735 2403/734 2399/727
f 2238/735 2399/727 2402/732
f 2238/735 2226/618 2403/734
f 2099/572 2105/578 2402/733
f 1349/345 2394/720 2108/580
f 2230/729 2404/736 2394/720
f 2230/729 2231/737 2404/736
f 2394/720 2110/583 2108/580
f 2109/584 2110/583 2404/736
f 2404/736 2231/737 2109/584
f 2404/736 2110/583 2394/720
f 1510/376 1974/555 1459/370
f 212/226 134/152 1763/487
f 212/226 213/225 134/152
f 193/202 168/183 1864/517
f 146/160 149/161 155/171
f 1798/515 224/236 218/230
f 2305/705 2095/568 2304/704
f 2092/565 2095/568 2091/564
f 1272/273 2401/731 1966/551
f 1333/330 1272/273 1966/551
f 1349/345 2401/731 1270/275
f 1271/274 1349/345 1270/275
f 1348/346 1271/274 1332/329
f 1272/273 1270/275 2401/731
f 2106/582 1966/551 2401/731
f 2108/580 2106/582 2401/731
f 1719/474 1288/288 1278/279
f 1946/534 1947/533 2101/574
f 2094/566 1946/534 2101/574
f 1946/534 2094/566 2252/642
f 1951/537 2101/574 1947/533
f 1960/546 1964/550 1961/547
f 226/238 224/236 91/103
f 230/245 91/103 224/236
f 230/245 224/236 1430/363
f 230/243 232/246 115/124
f 2264/659 2265/660 149/161
f 2265/660 1229/652 2140/603
f 2257/649 2265/660 2261/656
f 149/161 168/183 148/162
f 168/183 2265/660 2140/603
f 1229/652 1228/608 2140/603
f 2261/656 2253/650 2257/649
f 2257/649 1229/652 2265/660
f 1247/253 1248/256 2397/724
f 1675/420 1247/253 2397/724
f 1259/738 1675/721 1278/279
f 1259/738 1278/279 1269/281
f 1675/721 2222/614 1278/279
f 107/739 106/740 105/741
f 107/739 109/742 106/740
f 107/739 105/741 108/743
f 109/742 128/744 106/740
f 140/745 139/746 138/747
f 138/747 139/746 128/744
f 142/748 141/749 140/745
f 142/748 140/745 138/747
f 139/746 140/745 144/750
f 157/751 139/746 144/750
f 161/752 144/750 154/753
f 169/754 157/751 144/750
f 161/752 169/754 144/750
f 161/752 175/755 174/756
f 176/757 161/752 166/758
f 161/752 176/757 181/759
f 175/755 161/752 181/759
f 176/757 166/758 177/760
f 176/757 191/761 190/762
f 177/760 191/761 176/757
f 176/757 190/762 181/759
f 191/761 177/763 190/762
f 157/751 128/744 139/746
f 157/751 194/764 128/744
f 157/751 169/754 194/764
f 169/754 161/752 174/756
f 169/754 175/755 202/765
f 175/755 169/754 174/756
f 181/759 187/766 175/755
f 190/762 187/766 181/759
f 190/762 177/763 187/766
f 220/767 219/768 117/769
f 220/767 117/769 221/770
f 117/769 219/768 225/771
f 107/739 225/771 219/768
f 107/739 108/743 225/771
f 118/772 225/771 108/743
f 141/749 142/748 229/773
f 142/748 109/742 229/773
f 109/742 107/739 229/773
f 109/742 142/748 138/747
f 109/742 138/747 128/744
f 118/772 117/769 225/771
f 1220/774 1219/775 1218/776
f 1219/775 1220/774 1221/777
f 1242/778 1243/779 1244/780
f 1253/781 1252/782 1251/783
f 1243/779 1265/784 1244/780
f 1273/785 1244/780 1265/784
f 1282/786 1281/787 1280/788
f 1283/789 1281/787 1282/786
f 1280/788 1284/790 1282/786
f 1273/785 1285/791 1244/780
f 1276/792 1285/791 1275/793
f 1290/794 1283/789 1282/786
f 1283/789 1291/795 1265/784
f 1265/784 1291/795 1294/796
f 1275/793 1285/791 1273/785
f 1281/787 1299/797 1280/788
f 1283/789 1290/794 1291/795
f 1275/793 1273/785 1294/796
f 1294/796 1273/785 1265/784
f 1291/795 1290/794 1284/790
f 1294/796 1291/795 1306/798
f 1306/798 1314/799 1311/800
f 1291/795 1284/790 1314/799
f 1306/798 1291/795 1314/799
f 1282/786 1284/790 1290/794
f 1311/800 1314/799 1318/801
f 1318/801 1314/799 1324/802
f 1335/803 1311/800 1318/801
f 1397/804 1220/774 1218/776
f 1398/805 1397/804 1218/776
f 1401/806 1400/807 1399/808
f 1218/776 1401/806 1398/805
f 1397/804 1398/805 1399/808
f 1399/808 1403/809 1402/810
f 1398/805 1401/806 1399/808
f 1397/804 1399/808 1402/810
f 1405/811 1403/809 1404/812
f 1405/811 1402/810 1403/809
f 1483/813 1482/814 1481/815
f 1481/815 1482/814 1485/816
f 1481/815 1221/777 1486/817
f 1481/815 1219/775 1221/777
f 1483/813 1489/818 1488/819
f 1488/819 1482/814 1483/813
f 1491/820 1481/815 1485/816
f 1492/821 1488/819 1489/818
f 1485/816 1482/814 1488/819
f 1485/816 1488/819 1493/822
f 1493/822 1494/823 1485/816
f 1219/775 1481/815 1491/820
f 1219/775 1491/820 1218/776
f 1491/820 1494/823 1495/824
f 1491/820 1495/824 1401/806
f 1491/820 1485/816 1494/823
f 1488/819 1492/821 1496/825
f 1497/826 1495/824 1494/823
f 1496/825 1494/823 1493/822
f 1498/827 1495/824 1497/826
f 1488/819 1496/825 1493/822
f 1496/825 1497/826 1494/823
f 1498/827 1500/828 1499/829
f 1502/830 1496/825 1501/831
f 1491/820 1401/806 1218/776
f 1498/827 1497/826 1500/828
f 1492/821 1501/831 1496/825
f 1504/832 1503/833 1498/827
f 1506/834 1505/835 1501/831
f 1496/825 1502/830 1497/826
f 1502/830 1507/836 1500/828
f 1495/824 1503/833 1401/806
f 1507/836 1499/829 1500/828
f 1401/806 1503/833 1508/837
f 1501/831 1505/835 1502/830
f 1531/838 1530/839 1529/840
f 1530/839 1531/838 1532/841
f 1541/842 1540/843 1539/844
f 1531/838 1529/840 1539/845
f 1544/846 1543/847 1523/848
f 1532/841 1545/849 1530/839
f 1529/840 1541/842 1539/844
f 1545/849 1541/842 1529/840
f 1529/840 1530/839 1545/849
f 1545/849 1540/843 1541/842
f 1532/841 1548/850 1547/851
f 1544/846 1523/848 1522/852
f 1531/838 1539/845 1532/841
f 1539/844 1540/843 1548/853
f 1543/847 1550/854 1549/855
f 1556/856 1555/857 1554/858
f 1559/859 1558/860 1557/861
f 1506/834 1559/859 1565/862
f 1566/863 1550/854 1543/847
f 1506/834 1568/864 1559/859
f 1559/859 1570/865 1569/866
f 1559/859 1569/866 1558/860
f 1573/867 1572/868 1571/869
f 1576/870 1575/871 1574/872
f 1579/873 1578/874 1577/875
f 1565/862 1559/859 1557/861
f 1581/876 1575/871 1580/877
f 1568/864 1582/878 1559/859
f 1569/866 1583/879 1556/856
f 1566/863 1543/847 1544/846
f 1577/875 1578/874 1580/877
f 1571/869 1584/880 1570/865
f 1586/881 1577/875 1580/877
f 1577/875 1586/881 1579/873
f 1576/870 1574/872 1587/882
f 1591/883 1590/884 1583/879
f 1580/877 1576/870 1586/881
f 1544/846 1567/885 1592/886
f 1220/774 1594/887 1593/888
f 1566/863 1595/889 1550/854
f 1587/882 1586/881 1576/870
f 1598/890 1550/854 1595/889
f 1592/886 1566/863 1544/846
f 1220/774 1397/804 1594/887
f 1592/886 1603/891 1566/863
f 1402/810 1604/892 1397/804
f 1604/892 1594/887 1397/804
f 1604/892 1402/810 1405/811
f 1405/811 1607/893 1604/892
f 1609/894 1607/893 1612/895
f 1405/811 1612/895 1607/893
f 1607/893 1609/894 1608/896
f 1612/895 1405/811 1404/812
f 1566/863 1617/897 1595/889
f 1599/898 1601/899 1605/900
f 1617/897 1603/891 1632/901
f 1299/797 1710/902 1280/788
f 1710/902 1711/903 1324/802
f 1711/903 1318/801 1324/802
f 1314/799 1284/790 1324/802
f 1710/902 1324/802 1284/790
f 1284/790 1280/788 1710/902
f 1732/904 1731/905 1730/906
f 1730/906 1734/907 1733/908
f 1732/904 1736/909 1735/910
f 1731/905 1737/911 1734/907
f 1731/905 1734/907 1730/906
f 1740/912 1739/913 1738/914
f 1732/904 1735/910 1731/905
f 1739/913 1731/905 1738/914
f 1738/914 1731/905 1735/910
f 1742/915 1741/916 1736/909
f 1741/916 1743/917 1735/910
f 1574/872 1741/916 1587/882
f 1743/917 1738/914 1735/910
f 1741/916 1735/910 1736/909
f 1742/915 1744/918 1587/882
f 1574/872 1745/919 1741/916
f 1743/917 1746/920 1738/914
f 1740/912 1746/920 1747/921
f 1741/916 1748/922 1743/917
f 1740/912 1738/914 1746/920
f 1741/916 1742/915 1587/882
f 1754/923 1753/924 1752/925
f 1821/926 1601/899 1599/898
f 1599/898 1817/927 1821/926
f 1838/928 1837/929 1836/930
f 1840/931 1836/930 1839/932
f 1843/933 1842/934 1841/935
f 1831/936 1839/932 1826/937
f 1841/935 1850/938 1843/933
f 1840/931 1839/932 1851/939
f 1851/939 1839/932 1833/940
f 1833/940 1854/941 1851/939
f 1833/940 1839/932 1831/936
f 1850/938 1853/942 1843/933
f 1853/942 1850/938 1857/943
f 1856/944 1859/945 1833/940
f 1860/946 1853/942 1857/943
f 1861/947 1547/851 1856/948
f 1548/853 1540/843 1854/941
f 1547/851 1859/949 1856/948
f 1539/845 1548/850 1532/841
f 1854/941 1859/945 1548/853
f 1859/945 1854/941 1833/940
f 1862/950 1547/851 1860/946
f 1860/946 1547/851 1853/942
f 1859/949 1547/851 1548/850
f 1547/851 1861/947 1853/942
f 1545/849 1547/851 1862/950
f 1532/841 1547/851 1545/849
f 1867/951 1581/876 1866/952
f 1579/873 1586/881 1866/953
f 1866/952 1581/876 1579/873
f 1878/954 1867/955 1866/953
f 1881/956 1880/957 1879/958
f 1866/953 1586/881 1878/954
f 1882/959 1590/884 1880/957
f 1880/957 1881/956 1883/960
f 1880/957 1884/961 1879/958
f 1590/884 1591/883 1880/957
f 1580/877 1575/871 1576/870
f 1578/874 1579/873 1581/876
f 1575/871 1581/876 1867/951
f 1580/877 1578/874 1581/876
f 1879/958 1884/961 1891/962
f 1884/961 1591/883 1584/880
f 1591/883 1884/961 1880/957
f 1584/880 1591/883 1570/865
f 1891/962 1884/961 1572/868
f 1583/879 1570/865 1591/883
f 1572/868 1884/961 1584/880
f 1584/880 1571/869 1572/868
f 1898/963 1895/964 1897/965
f 1895/964 1898/963 1900/966
f 1891/962 1572/868 1893/967
f 1583/879 1569/866 1570/865
f 1571/869 1570/865 1559/859
f 1556/856 1558/860 1569/866
f 1568/864 1905/968 1582/878
f 1554/858 1558/860 1556/856
f 1571/869 1559/859 1573/867
f 1582/878 1573/867 1559/859
f 1907/969 1893/967 1906/970
f 1572/868 1906/970 1893/967
f 1906/970 1582/878 1632/901
f 1565/862 1557/861 1909/971
f 1906/970 1572/868 1573/867
f 1573/867 1582/878 1906/970
f 1558/860 1554/858 1557/861
f 1554/858 1909/971 1557/861
f 1632/901 1582/878 1905/968
f 1926/972 1925/973 1924/974
f 1928/975 1927/976 1251/783
f 1931/977 1930/978 1929/979
f 1926/972 1927/976 1932/980
f 1929/979 1930/978 1737/911
f 1931/977 1929/979 1731/905
f 1252/782 1928/975 1251/783
f 1739/913 1933/981 1731/905
f 1731/905 1929/979 1737/911
f 1927/976 1934/982 1251/783
f 1933/981 1931/977 1731/905
f 1739/913 1740/912 1935/983
f 1740/912 1747/921 1935/983
f 1933/981 1935/983 1936/984
f 1739/913 1935/983 1933/981
f 1568/864 1506/834 1942/985
f 1943/986 1840/931 1838/928
f 1850/938 1840/931 1857/943
f 1501/831 1492/821 1598/890
f 1492/821 1550/854 1598/890
f 1501/831 1598/890 1506/834
f 1549/855 1550/854 1492/821
f 1857/943 1854/941 1860/946
f 1854/941 1857/943 1851/939
f 1850/938 1841/935 1838/928
f 1838/928 1836/930 1943/986
f 1857/943 1840/931 1851/939
f 1943/986 1836/930 1840/931
f 1862/950 1860/946 1540/843
f 1945/987 1252/782 1944/988
f 1840/931 1850/938 1838/928
f 1540/843 1545/849 1862/950
f 1540/843 1860/946 1854/941
f 1969/989 1883/960 1968/990
f 1971/991 1968/990 1970/992
f 1968/990 1971/991 1969/989
f 1972/993 1883/960 1969/989
f 1752/925 1973/994 1972/993
f 1972/993 1969/989 1752/925
f 1752/925 1969/989 1971/991
f 1976/995 1971/991 1970/992
f 1754/923 1971/991 1977/996
f 1754/923 1752/925 1971/991
f 1970/992 1978/997 1976/995
f 1976/995 1978/997 1980/998
f 1971/991 1976/995 1977/996
f 2003/999 1996/1000 2005/1001
f 2003/999 2005/1001 2004/1002
f 2014/1003 2019/1004 2018/1005
f 2018/1005 2015/1006 2014/1003
f 2027/1007 2026/1008 2018/1005
f 2026/1008 2028/1009 2018/1005
f 2018/1005 2028/1009 2015/1006
f 2019/1004 2029/1010 2018/1005
f 2032/1011 2031/1012 2030/1013
f 2034/1014 2028/1009 2033/1015
f 2036/1016 2027/1007 2018/1005
f 2018/1005 2029/1010 2036/1016
f 2019/1004 2022/1017 2029/1010
f 2033/1015 2028/1009 2032/1018
f 2038/1019 2037/1020 2035/1021
f 2027/1007 2032/1018 2028/1009
f 2040/1022 2039/1023 2030/1013
f 2028/1009 2034/1014 2015/1006
f 2042/1024 2039/1023 2041/1025
f 2028/1009 2026/1008 2027/1007
f 2037/1020 2036/1016 2035/1021
f 2043/1026 2032/1018 2027/1007
f 2031/1027 2032/1018 2043/1026
f 2040/1022 2030/1013 2031/1012
f 2049/1028 2033/1015 2032/1018
f 2027/1007 2036/1016 2043/1026
f 2043/1026 2036/1016 2050/1029
f 2022/1017 2036/1016 2029/1010
f 2035/1021 2036/1016 2022/1017
f 2049/1028 2030/1013 2033/1015
f 2037/1020 2050/1029 2036/1016
f 2030/1013 2049/1028 2032/1011
f 2039/1023 2042/1024 2053/1030
f 2056/1031 2039/1032 2040/1033
f 2058/1034 2056/1031 2057/1035
f 2059/1036 2031/1027 2043/1026
f 2060/1037 2059/1036 2050/1029
f 2059/1036 2055/1038 2031/1027
f 2040/1022 2051/1039 2041/1025
f 2051/1039 2064/1040 2058/1034
f 2064/1040 2040/1022 2031/1012
f 2051/1039 2040/1022 2064/1040
f 2039/1023 2057/1041 2041/1025
f 2056/1031 2040/1033 2057/1035
f 2051/1042 2031/1012 2055/1043
f 2038/1019 1837/929 2037/1020
f 2065/1044 1837/929 2038/1019
f 2064/1040 2056/1031 2058/1034
f 2066/1045 2031/1012 2058/1046
f 2066/1045 2056/1031 2064/1040
f 2057/1041 2040/1022 2041/1025
f 2031/1012 2066/1045 2064/1040
f 2038/1019 2035/1021 2065/1044
f 2067/1047 2063/1048 2060/1037
f 2058/1046 2031/1012 2051/1042
f 2060/1037 2063/1048 2055/1038
f 2060/1037 2055/1038 2059/1036
f 2050/1029 2037/1020 2068/1049
f 2043/1026 2050/1029 2059/1036
f 1837/929 2070/1050 2037/1020
f 2068/1049 2037/1020 2070/1050
f 2071/1051 2050/1029 2068/1049
f 2071/1051 2076/1052 2060/1037
f 2071/1051 2060/1037 2050/1029
f 1841/935 2070/1050 1837/929
f 2078/1053 2067/1047 2060/1037
f 2070/1050 2071/1051 2068/1049
f 2065/1044 1839/932 1837/929
f 2076/1052 2078/1053 2060/1037
f 2070/1050 2076/1052 2071/1051
f 1839/932 1836/930 1837/929
f 1838/928 1841/935 1837/929
f 1825/1054 1826/937 2065/1044
f 2070/1050 1842/934 2076/1052
f 2070/1050 1841/935 1842/934
f 2065/1044 1826/937 1839/932
f 1636/1055 1945/987 1635/1056
f 1595/889 1617/897 1942/985
f 1945/987 2125/1057 1252/782
f 1945/987 1636/1055 2125/1057
f 1942/985 1598/890 1595/889
f 1905/968 1568/864 1942/985
f 1592/886 1626/1058 1603/891
f 1617/897 1632/901 1905/968
f 1505/835 1506/834 1565/862
f 1506/834 1598/890 1942/985
f 1617/897 1566/863 1603/891
f 1605/900 1601/899 1602/1059
f 1617/897 1905/968 1942/985
f 2125/1057 2149/1060 1932/980
f 1925/973 1926/972 2149/1060
f 2149/1060 2125/1057 1636/1055
f 2149/1060 1926/972 1932/980
f 1636/1055 2151/1061 2150/1062
f 2149/1060 1636/1055 2150/1062
f 1636/1055 2152/1063 2151/1061
f 2150/1062 1925/973 2149/1060
f 1925/973 2150/1062 1924/974
f 1924/974 1927/976 1926/972
f 1924/974 2150/1062 2153/1064
f 1927/976 1928/975 1932/980
f 2151/1061 2152/1063 2154/1065
f 2125/1057 1932/980 1928/975
f 2156/1066 2151/1061 2154/1065
f 2150/1062 2151/1061 2153/1064
f 2153/1064 2156/1066 2154/1065
f 2160/1067 2153/1064 2154/1065
f 2162/1068 1930/978 2161/1069
f 2151/1061 2156/1066 2153/1064
f 2163/1070 1930/978 2162/1068
f 1924/974 2153/1064 2160/1067
f 1924/1071 2160/1072 2161/1069
f 2154/1073 2162/1068 2160/1072
f 2160/1072 2162/1068 2161/1069
f 1931/977 1933/981 2161/1069
f 2154/1073 2163/1070 2162/1068
f 2161/1069 1930/978 1931/977
f 1737/911 1930/978 2163/1070
f 2173/1074 1737/911 2163/1070
f 1924/1071 1934/982 1927/976
f 2161/1069 1934/982 1924/1071
f 2125/1057 1928/975 1252/782
f 2161/1069 2176/1075 1934/982
f 2161/1069 1933/981 2176/1075
f 2180/1076 2179/1077 1253/781
f 1253/781 1944/988 1252/782
f 1253/781 1251/783 1934/982
f 2176/1075 1253/781 1934/982
f 1253/781 2176/1075 2180/1076
f 2182/1078 1635/1056 1945/987
f 2185/1079 2179/1077 2180/1076
f 2173/1074 2163/1070 2181/1080
f 1944/988 2182/1078 1945/987
f 2183/1081 2182/1078 1944/988
f 2183/1081 1944/988 1253/781
f 2187/1082 1253/781 2179/1077
f 1737/911 2173/1074 2194/1083
f 1933/981 1936/984 2176/1075
f 2185/1079 2190/1084 2179/1077
f 1936/984 2196/1085 2176/1075
f 2187/1082 2183/1081 1253/781
f 2179/1077 2183/1081 2187/1082
f 2190/1084 2183/1081 2179/1077
f 2181/1080 2194/1083 2173/1074
f 2180/1076 2196/1085 2185/1079
f 2176/1075 2196/1085 2180/1076
f 1936/984 1935/983 2196/1085
f 1747/921 2205/1086 1935/983
f 2205/1086 2203/1087 2196/1085
f 2205/1086 2196/1085 1935/983
f 2274/1088 1285/791 1276/792
f 1285/791 2274/1088 1244/780
f 2275/1089 2274/1088 1276/792
f 2274/1088 2275/1089 2279/1090
f 2279/1090 1244/780 2274/1088
f 1242/778 1244/780 2279/1090
f 2281/1091 2279/1090 2275/1089
f 2282/1092 1242/778 2279/1090
f 2279/1090 2281/1091 2296/1093
f 2281/1091 2298/1094 2296/1093
f 2282/1092 2279/1090 2296/1093
f 2291/1095 2282/1092 2296/1093
f 1220/774 1593/888 2308/1096
f 1221/777 1220/774 2308/1096
f 1593/888 2306/1097 2308/1096
f 2313/1098 2308/1096 2306/1097
f 2313/1098 1221/777 2308/1096
f 2316/1099 2313/1098 2315/1100
f 2313/1098 2306/1097 2315/1100
f 1486/817 1221/777 2313/1098
f 2317/1101 1486/817 2313/1098
f 2319/1102 2316/1099 2318/1103
f 2316/1099 2317/1101 2313/1098
f 2315/1100 2318/1103 2316/1099
f 2319/1102 2317/1101 2316/1099
f 864/1104 2319/1102 2318/1103
f 2319/1102 2321/1105 2320/1106
f 864/1104 2321/1105 2319/1102
f 2039/1032 2066/1045 2057/1107
f 2066/1045 2039/1032 2056/1031
f 2057/1107 2066/1045 2058/1046
f 1733/908 1734/907 2194/1083
f 2194/1083 1734/907 1737/911
f 2334/1108 2335/1109 2194/1083
f 1736/909 1733/908 2335/1109
f 1736/909 1730/906 1733/908
f 1736/909 1732/904 1730/906
f 2335/1109 1733/908 2194/1083
f 1736/909 2335/1109 1742/915
f 1744/918 1742/915 2335/1109
f 2345/1110 1746/920 1743/917
f 1744/918 2348/1111 1878/954
f 1746/920 2205/1086 1747/921
f 1744/918 1878/954 1587/882
f 1587/882 1878/954 1586/881
f 2350/1112 1744/918 2335/1109
f 2348/1111 1867/955 1878/954
f 1867/951 2348/1113 1745/919
f 2344/1114 2345/1110 1748/922
f 2345/1110 1743/917 1748/922
f 2352/1115 2351/1116 1748/922
f 1748/922 2351/1116 2344/1114
f 2352/1115 2355/1117 2351/1116
f 2348/1113 2352/1115 1745/919
f 1575/871 1745/919 1574/872
f 2355/1118 2348/1111 2354/1119
f 2354/1119 2350/1112 2335/1109
f 1748/922 1741/916 2352/1115
f 1746/920 2345/1110 2344/1114
f 2350/1112 2348/1111 1744/918
f 2352/1115 2348/1113 2355/1117
f 1745/919 1575/871 1867/951
f 1745/919 2352/1115 1741/916
f 2350/1112 2354/1119 2348/1111
f 2359/1120 1900/966 1898/963
f 2034/1014 2393/1121 2015/1006
f 2042/1024 2015/1006 2393/1121
f 2042/1024 2393/1121 2053/1030
f 2033/1015 2393/1121 2034/1014
f 2393/1121 2030/1013 2053/1030
f 2030/1013 2393/1121 2033/1015
f 2030/1013 2039/1023 2053/1030
f 2406/1122 1590/884 1882/959
f 1880/957 1883/960 1882/959
f 1883/960 1881/956 1968/990
f 1882/959 1883/960 1972/993
f 1970/992 1968/990 2408/1123
f 2413/1124 1973/994 2412/1125
f 1976/995 1980/998 2414/1126
f 2408/1123 2410/1127 1970/992
f 1978/997 1970/992 2410/1127
f 1613/1128 1977/996 2414/1126
f 1753/924 1754/923 2418/1129
f 1976/995 2414/1126 1977/996
f 1404/812 1754/923 1977/996
f 1612/895 1613/1128 1609/894
f 1977/996 2421/1130 1404/812
f 2421/1130 1612/895 1404/812
f 2421/1130 1977/996 1613/1128
f 1909/971 1555/857 2422/1131
f 1612/895 2421/1130 1613/1128
f 2424/1132 1909/971 2423/1133
f 1503/833 1495/824 1498/827
f 1507/836 2425/1134 1499/829
f 1565/862 1909/971 2424/1132
f 1497/826 1502/830 1500/828
f 2426/1135 1523/848 1543/847
f 1489/818 1549/855 1492/821
f 1489/818 2426/1135 1549/855
f 2426/1135 1543/847 1549/855
f 2426/1135 1489/818 1483/813
f 2426/1135 1483/813 2428/1136
f 2428/1136 1481/815 2429/1137
f 1483/813 1481/815 2428/1136
f 2317/1101 2320/1106 2429/1137
f 2320/1106 2317/1101 2319/1102
f 2317/1101 2429/1137 1481/815
f 1481/815 1486/817 2317/1101
f 2320/1106 2428/1136 2429/1137
f 1882/959 1972/993 1973/994
f 1583/879 1590/884 2406/1122
f 1753/924 2418/1129 2431/1138
f 2412/1125 1973/994 2431/1138
f 1753/924 1973/994 1752/925
f 2412/1125 2432/1139 2413/1124
f 2432/1139 2433/1140 2413/1124
f 1583/879 2433/1140 1555/857
f 1973/994 2406/1122 1882/959
f 1973/994 1753/924 2431/1138
f 2433/1140 1583/879 2406/1122
f 2434/1141 2412/1125 2431/1138
f 2418/1129 2434/1141 2431/1138
f 2433/1140 2406/1122 2413/1124
f 2413/1124 2406/1122 1973/994
f 1403/809 2418/1129 1754/923
f 2433/1140 2432/1139 2435/1142
f 1754/923 1404/812 1403/809
f 2436/1143 2422/1131 2435/1142
f 2434/1141 2437/1144 2412/1125
f 2435/1142 2432/1139 2437/1144
f 2412/1125 2437/1144 2432/1139
f 2435/1142 2438/1145 2436/1143
f 2434/1141 2418/1129 1403/809
f 2433/1140 2435/1142 1555/857
f 1583/879 1555/857 1556/856
f 2422/1131 1555/857 2435/1142
f 2440/1146 2437/1144 2439/1147
f 2439/1147 2437/1144 2434/1141
f 1554/858 1555/857 1909/971
f 2441/1148 2436/1143 2423/1133
f 2422/1131 2441/1148 2423/1133
f 2437/1144 2438/1145 2435/1142
f 2422/1131 2423/1133 1909/971
f 1403/809 2439/1147 2434/1141
f 2425/1134 2423/1133 1499/829
f 2424/1132 2423/1133 2425/1134
f 2439/1147 1403/809 1399/808
f 1499/829 2438/1145 2442/1149
f 2424/1132 2425/1134 1565/862
f 2436/1143 2441/1148 2422/1131
f 1565/862 2425/1134 1505/835
f 1507/836 1502/830 1505/835
f 1499/829 2436/1143 2438/1145
f 1499/829 2423/1133 2436/1143
f 1507/836 1505/835 2425/1134
f 2443/1150 1399/808 1400/807
f 2440/1146 2443/1150 2442/1149
f 2443/1150 2439/1147 1399/808
f 2440/1146 2439/1147 2443/1150
f 2437/1144 2440/1146 2438/1145
f 1504/832 1499/829 2442/1149
f 2442/1149 2443/1150 1504/832
f 2443/1150 1503/833 1504/832
f 2440/1146 2442/1149 2438/1145
f 1503/833 2443/1150 1400/807
f 1508/837 1400/807 1401/806
f 1498/827 1499/829 1504/832
f 1508/837 1503/833 1400/807
f 235/1151 234/1152 233/1153
f 238/1154 237/1155 236/1156
f 236/1156 237/1155 239/1157
f 238/1154 236/1156 240/1158
f 242/1159 241/1160 236/1156
f 245/1161 244/1162 243/1163
f 239/1157 246/1164 236/1156
f 239/1157 237/1155 247/1165
f 243/1163 242/1159 246/1164
f 247/1165 246/1164 239/1157
f 242/1159 243/1163 244/1162
f 236/1156 246/1164 242/1159
f 249/1166 243/1163 248/1167
f 251/1168 250/1169 249/1166
f 252/1170 246/1164 247/1165
f 250/1169 253/1171 249/1166
f 251/1168 249/1166 248/1167
f 248/1167 255/1172 254/1173
f 246/1164 248/1167 243/1163
f 258/1174 257/1175 256/1176
f 252/1170 247/1165 257/1175
f 258/1174 252/1170 257/1175
f 249/1166 253/1171 243/1163
f 254/1173 251/1168 248/1167
f 260/1177 253/1171 259/1178
f 246/1164 252/1170 255/1172
f 250/1169 259/1178 253/1171
f 246/1164 255/1172 248/1167
f 261/1179 258/1174 256/1176
f 262/1180 255/1172 252/1170
f 251/1168 263/1181 250/1169
f 252/1170 258/1174 262/1180
f 254/1173 255/1172 264/1182
f 259/1178 250/1169 265/1183
f 266/1184 251/1168 254/1173
f 266/1184 254/1173 264/1182
f 265/1183 270/1185 259/1178
f 262/1180 264/1182 255/1172
f 269/1186 267/1187 271/1188
f 258/1174 261/1179 272/1189
f 261/1179 274/1190 273/1191
f 263/1181 265/1183 250/1169
f 264/1182 262/1180 258/1174
f 267/1187 279/1192 271/1188
f 258/1174 272/1189 264/1182
f 267/1187 280/1193 279/1192
f 273/1191 272/1189 261/1179
f 274/1190 271/1188 279/1192
f 266/1184 263/1181 251/1168
f 279/1192 284/1194 274/1190
f 279/1195 280/1196 285/1197
f 286/1198 284/1199 279/1195
f 288/1200 266/1184 287/1201
f 273/1191 274/1190 284/1194
f 279/1195 285/1197 286/1198
f 290/1202 263/1181 266/1184
f 284/1194 291/1203 272/1189
f 287/1201 266/1184 264/1182
f 266/1184 288/1200 290/1202
f 292/1204 284/1199 286/1198
f 272/1189 273/1191 284/1194
f 272/1189 291/1203 264/1182
f 287/1201 264/1182 291/1203
f 286/1198 285/1197 294/1205
f 292/1204 291/1206 284/1199
f 292/1204 294/1205 295/1207
f 296/1208 291/1206 292/1204
f 297/1209 287/1210 291/1206
f 285/1197 293/1211 294/1205
f 292/1204 286/1198 294/1205
f 288/1212 287/1210 297/1209
f 296/1208 297/1209 291/1206
f 247/1165 256/1176 257/1175
f 256/1176 247/1165 303/1213
f 308/1214 307/1215 256/1176
f 256/1176 307/1215 309/1216
f 312/1217 311/1218 310/1219
f 315/1220 314/1221 260/1177
f 312/1217 310/1219 309/1216
f 307/1215 312/1217 309/1216
f 256/1176 309/1216 261/1179
f 310/1219 345/1222 309/1216
f 345/1222 261/1179 309/1216
f 310/1219 311/1218 269/1186
f 310/1219 271/1188 274/1190
f 274/1190 261/1179 345/1222
f 310/1219 274/1190 345/1222
f 269/1186 271/1188 310/1219
f 375/1223 374/1224 240/1158
f 253/1171 245/1161 243/1163
f 378/1225 377/1226 376/1227
f 376/1227 379/1228 378/1225
f 378/1225 380/1229 377/1226
f 377/1226 380/1229 376/1227
f 382/1230 381/1231 379/1228
f 379/1228 376/1227 382/1230
f 384/1232 380/1229 383/1233
f 386/1234 382/1230 385/1235
f 387/1236 384/1232 383/1233
f 387/1236 240/1158 384/1232
f 388/1237 382/1230 380/1229
f 388/1237 380/1229 374/1224
f 240/1158 374/1224 384/1232
f 391/1238 390/1239 389/1240
f 390/1239 392/1241 389/1240
f 389/1240 393/1242 391/1238
f 391/1238 394/1243 390/1239
f 389/1240 395/1244 393/1242
f 392/1241 395/1244 389/1240
f 392/1241 390/1239 396/1245
f 245/1161 397/1246 244/1162
f 393/1242 395/1244 398/1247
f 395/1244 400/1248 399/1249
f 393/1242 402/1250 401/1251
f 403/1252 393/1242 401/1251
f 398/1247 395/1244 399/1249
f 392/1241 404/1253 395/1244
f 404/1253 400/1248 395/1244
f 396/1245 404/1253 392/1241
f 396/1245 405/1254 404/1253
f 405/1254 406/1255 404/1253
f 405/1254 407/1256 406/1255
f 410/1257 409/1258 408/1259
f 405/1254 411/1260 407/1256
f 407/1256 412/1261 406/1255
f 412/1261 413/1262 406/1255
f 416/1263 415/1264 414/1265
f 412/1261 416/1263 417/1266
f 413/1262 412/1261 417/1266
f 414/1265 418/1267 417/1266
f 414/1265 417/1266 416/1263
f 413/1262 417/1266 418/1267
f 416/1263 412/1261 407/1256
f 416/1263 407/1256 419/1268
f 420/1269 398/1247 399/1249
f 422/1270 420/1269 421/1271
f 422/1270 402/1250 420/1269
f 420/1269 402/1250 398/1247
f 398/1247 402/1250 393/1242
f 240/1158 236/1156 375/1223
f 422/1270 423/1272 402/1250
f 423/1272 424/1273 402/1250
f 425/1274 423/1272 422/1270
f 421/1271 425/1274 422/1270
f 425/1274 426/1275 423/1272
f 425/1274 427/1276 426/1275
f 427/1276 425/1274 428/1277
f 233/1153 427/1276 235/1151
f 429/1278 427/1276 428/1277
f 427/1276 429/1278 235/1151
f 431/1279 430/1280 296/1281
f 432/1282 296/1281 430/1280
f 427/1276 233/1153 426/1275
f 434/1283 430/1280 433/1284
f 430/1280 431/1279 433/1284
f 432/1282 235/1151 429/1278
f 432/1282 430/1280 434/1283
f 432/1282 434/1283 235/1151
f 434/1283 234/1152 235/1151
f 437/1285 234/1152 434/1283
f 374/1224 380/1229 384/1232
f 376/1227 380/1229 382/1230
f 244/1162 397/1246 242/1159
f 458/1286 375/1223 241/1160
f 459/1287 385/1235 382/1230
f 460/1288 397/1246 245/1161
f 459/1287 382/1230 388/1237
f 314/1221 241/1160 460/1288
f 374/1224 375/1223 461/1289
f 397/1246 460/1288 241/1160
f 236/1156 241/1160 375/1223
f 241/1160 242/1159 397/1246
f 458/1286 461/1289 375/1223
f 458/1286 241/1160 462/1290
f 459/1287 463/1291 385/1235
f 464/1292 459/1287 461/1289
f 385/1235 463/1291 465/1293
f 314/1221 460/1288 260/1177
f 467/1294 465/1293 466/1295
f 467/1294 385/1235 465/1293
f 388/1237 461/1289 459/1287
f 463/1291 468/1296 465/1293
f 461/1289 388/1237 374/1224
f 460/1288 245/1161 260/1177
f 314/1221 462/1290 241/1160
f 469/1297 466/1295 465/1293
f 464/1292 463/1291 459/1287
f 464/1292 470/1298 463/1291
f 470/1298 468/1296 463/1291
f 461/1289 458/1286 464/1292
f 253/1171 260/1177 245/1161
f 468/1296 470/1298 471/1299
f 471/1299 469/1297 468/1296
f 466/1295 469/1297 472/1300
f 473/1301 469/1297 471/1299
f 469/1297 465/1293 468/1296
f 475/1302 474/1303 314/1221
f 473/1301 415/1264 469/1297
f 469/1297 415/1264 416/1263
f 472/1300 469/1297 416/1263
f 494/1304 493/1305 492/1306
f 420/1269 399/1249 494/1304
f 495/1307 420/1269 494/1304
f 497/1308 496/1309 492/1306
f 421/1271 495/1307 498/1310
f 500/1311 499/1312 496/1309
f 495/1307 494/1304 492/1306
f 501/1313 492/1306 496/1309
f 421/1271 420/1269 495/1307
f 502/1314 495/1307 501/1313
f 504/1315 503/1316 501/1313
f 492/1306 501/1313 495/1307
f 495/1307 502/1314 498/1310
f 506/1317 505/1318 499/1312
f 504/1315 501/1313 496/1309
f 504/1315 496/1309 499/1312
f 502/1314 501/1313 503/1316
f 498/1310 425/1274 421/1271
f 505/1318 504/1315 499/1312
f 428/1277 498/1310 502/1314
f 507/1319 502/1314 503/1316
f 504/1315 508/1320 503/1316
f 509/1321 508/1320 505/1318
f 498/1310 428/1277 425/1274
f 508/1320 504/1315 505/1318
f 502/1314 507/1319 510/1322
f 503/1316 508/1320 507/1319
f 507/1319 508/1320 511/1323
f 510/1322 428/1277 502/1314
f 508/1320 509/1321 511/1323
f 294/1205 293/1211 512/1324
f 294/1205 512/1324 295/1207
f 510/1325 507/1326 513/1327
f 296/1208 510/1325 513/1327
f 432/1282 429/1278 514/1328
f 428/1277 510/1322 514/1328
f 296/1208 513/1327 297/1209
f 509/1321 515/1329 511/1330
f 516/1331 295/1207 512/1324
f 292/1204 295/1207 431/1332
f 432/1282 510/1322 296/1281
f 295/1207 516/1331 431/1332
f 514/1328 429/1278 428/1277
f 512/1324 293/1211 516/1331
f 431/1332 516/1331 433/1333
f 510/1322 432/1282 514/1328
f 292/1204 431/1332 296/1208
f 238/1154 240/1158 387/1236
f 517/1334 303/1213 387/1236
f 464/1292 458/1286 462/1290
f 314/1221 315/1220 475/1302
f 475/1302 518/1335 474/1303
f 315/1220 260/1177 259/1178
f 315/1220 259/1178 519/1336
f 518/1335 464/1292 462/1290
f 315/1220 519/1336 475/1302
f 387/1236 303/1213 237/1155
f 314/1221 474/1303 462/1290
f 238/1154 387/1236 237/1155
f 303/1213 308/1214 256/1176
f 247/1165 237/1155 303/1213
f 399/1249 493/1305 494/1304
f 521/1337 493/1305 520/1338
f 493/1305 400/1248 520/1338
f 521/1337 520/1338 522/1339
f 492/1306 521/1337 497/1308
f 399/1249 400/1248 493/1305
f 521/1337 492/1306 493/1305
f 400/1248 523/1340 520/1338
f 524/1341 522/1339 520/1338
f 497/1308 521/1337 525/1342
f 525/1342 521/1337 522/1339
f 526/1343 525/1342 522/1339
f 400/1248 404/1253 523/1340
f 523/1340 524/1341 520/1338
f 526/1343 522/1339 527/1344
f 525/1342 408/1259 528/1345
f 527/1344 522/1339 524/1341
f 497/1308 528/1345 500/1311
f 497/1308 525/1342 528/1345
f 525/1342 526/1343 408/1259
f 406/1255 523/1340 404/1253
f 529/1346 526/1343 527/1344
f 496/1309 497/1308 500/1311
f 409/1258 500/1311 528/1345
f 530/1347 526/1343 529/1346
f 406/1255 524/1341 523/1340
f 524/1341 406/1255 531/1348
f 529/1346 527/1344 531/1348
f 531/1348 527/1344 524/1341
f 409/1258 499/1312 500/1311
f 530/1347 408/1259 526/1343
f 531/1348 406/1255 413/1262
f 409/1258 528/1345 408/1259
f 532/1349 531/1348 418/1267
f 529/1346 531/1348 532/1349
f 515/1329 505/1318 410/1257
f 506/1317 410/1257 505/1318
f 418/1267 531/1348 413/1262
f 532/1349 533/1350 529/1346
f 534/1351 530/1347 529/1346
f 506/1317 499/1312 409/1258
f 533/1350 534/1351 529/1346
f 410/1257 506/1317 409/1258
f 408/1259 530/1347 410/1257
f 534/1351 535/1352 530/1347
f 410/1257 535/1352 515/1329
f 535/1352 533/1350 536/1353
f 533/1350 535/1352 534/1351
f 537/1354 533/1350 532/1349
f 535/1352 410/1257 530/1347
f 538/1355 418/1267 414/1265
f 507/1326 533/1350 537/1354
f 536/1353 533/1350 507/1326
f 532/1349 539/1356 537/1354
f 537/1354 513/1327 507/1326
f 532/1349 418/1267 539/1356
f 535/1352 536/1353 515/1329
f 539/1356 418/1267 538/1355
f 539/1356 297/1209 513/1327
f 539/1356 513/1327 537/1354
f 415/1264 538/1355 414/1265
f 507/1326 511/1330 536/1353
f 539/1356 541/1357 540/1358
f 511/1330 515/1329 536/1353
f 515/1329 509/1321 505/1318
f 541/1357 539/1356 538/1355
f 538/1355 415/1264 473/1301
f 541/1357 538/1355 473/1301
f 297/1209 539/1356 540/1358
f 540/1358 542/1359 288/1212
f 541/1357 542/1359 540/1358
f 544/1360 543/1361 542/1359
f 546/1362 543/1361 545/1363
f 541/1357 473/1301 471/1299
f 543/1361 288/1212 542/1359
f 543/1361 290/1364 288/1212
f 545/1363 543/1361 544/1360
f 544/1360 475/1302 545/1363
f 542/1359 547/1365 544/1360
f 542/1359 541/1357 547/1365
f 288/1212 297/1209 540/1358
f 543/1361 546/1362 290/1364
f 519/1336 545/1363 475/1302
f 546/1362 545/1363 519/1336
f 547/1365 464/1292 518/1335
f 464/1292 547/1365 470/1298
f 270/1185 263/1366 519/1336
f 263/1181 270/1185 265/1183
f 541/1357 471/1299 470/1298
f 544/1360 547/1365 518/1335
f 263/1366 290/1364 546/1362
f 546/1362 519/1336 263/1366
f 541/1357 470/1298 547/1365
f 475/1302 544/1360 518/1335
f 519/1336 259/1178 270/1185
f 474/1303 518/1335 462/1290
f 559/1367 558/1368 552/1369
f 560/1370 558/1368 559/1367
f 563/1371 562/1372 561/1373
f 566/1374 565/1375 564/1376
f 569/1377 568/1378 567/1379
f 568/1378 562/1372 567/1379
f 621/1380 620/1381 619/1382
f 634/1383 633/1384 632/1385
f 632/1385 636/1386 562/1372
f 654/1387 653/1388 652/1389
f 652/1389 655/1390 654/1387
f 654/1387 655/1390 563/1371
f 652/1389 658/1391 655/1390
f 558/1368 660/1392 654/1387
f 567/1379 563/1371 655/1390
f 661/1393 569/1377 567/1379
f 654/1387 563/1371 558/1368
f 563/1371 662/1394 558/1368
f 552/1369 558/1368 662/1394
f 563/1371 555/1395 662/1394
f 555/1395 563/1371 561/1373
f 655/1390 661/1393 567/1379
f 563/1371 567/1379 562/1372
f 681/1396 680/1397 679/1398
f 680/1397 683/1399 682/1400
f 681/1396 683/1399 680/1397
f 684/1401 682/1400 683/1399
f 680/1397 686/1402 685/1403
f 680/1397 685/1403 687/1404
f 690/1405 689/1406 688/1407
f 682/1400 686/1402 680/1397
f 691/1408 686/1402 682/1400
f 693/1409 692/1410 684/1401
f 690/1411 688/1412 694/1413
f 693/1409 684/1401 695/1414
f 692/1410 693/1409 696/1415
f 690/1405 697/1416 689/1406
f 682/1400 684/1401 691/1408
f 698/1417 696/1415 693/1409
f 699/1418 697/1419 690/1411
f 700/1420 696/1415 698/1417
f 701/1421 691/1422 684/1423
f 700/1420 689/1406 697/1416
f 690/1411 694/1413 699/1418
f 702/1424 689/1406 700/1420
f 700/1420 697/1416 696/1415
f 701/1421 703/1425 691/1422
f 684/1423 692/1426 701/1421
f 704/1427 696/1415 697/1416
f 692/1410 696/1415 704/1427
f 707/1428 706/1429 692/1426
f 704/1430 708/1431 692/1426
f 701/1421 692/1426 706/1429
f 707/1428 692/1426 708/1431
f 710/1432 699/1418 694/1413
f 712/1433 711/1434 687/1404
f 713/1435 687/1404 711/1434
f 717/1436 716/1437 715/1438
f 716/1437 717/1436 694/1413
f 711/1434 712/1433 719/1439
f 720/1440 701/1421 706/1429
f 721/1441 711/1434 719/1439
f 706/1429 707/1428 722/1442
f 722/1442 720/1440 706/1429
f 728/1443 722/1442 707/1428
f 719/1439 731/1444 721/1441
f 722/1442 731/1444 719/1439
f 734/1445 733/1446 732/1447
f 721/1441 733/1446 711/1434
f 736/1448 735/1449 722/1442
f 736/1448 722/1442 737/1450
f 732/1447 721/1441 731/1444
f 739/1451 738/1452 734/1445
f 731/1444 722/1442 735/1449
f 733/1446 721/1441 732/1447
f 728/1443 737/1450 722/1442
f 735/1449 740/1453 732/1447
f 740/1453 739/1451 732/1447
f 735/1449 732/1447 731/1444
f 710/1432 694/1413 717/1436
f 744/1454 739/1451 740/1453
f 736/1448 737/1450 745/1455
f 740/1453 735/1449 744/1454
f 735/1449 736/1448 744/1454
f 746/1456 717/1436 715/1438
f 747/1457 717/1436 746/1456
f 750/1458 747/1457 746/1456
f 751/1459 747/1457 750/1458
f 752/1460 747/1457 751/1459
f 750/1458 753/1461 751/1459
f 745/1455 754/1462 736/1448
f 736/1448 754/1462 744/1454
f 752/1460 751/1459 758/1463
f 753/1461 758/1463 751/1459
f 791/1464 758/1463 753/1461
f 815/1465 814/1466 813/1467
f 565/1375 566/1374 813/1467
f 566/1374 816/1468 813/1467
f 819/1469 818/1470 817/1471
f 822/1472 821/1473 820/1474
f 813/1467 816/1468 815/1465
f 819/1469 823/1475 818/1470
f 817/1471 822/1472 820/1474
f 824/1476 820/1474 821/1473
f 818/1470 822/1472 817/1471
f 821/1473 825/1477 824/1476
f 826/1478 820/1474 824/1476
f 824/1476 827/1479 826/1478
f 826/1478 828/1480 820/1474
f 827/1479 824/1476 829/1481
f 828/1480 817/1471 820/1474
f 817/1471 828/1480 830/1482
f 829/1481 832/1483 831/1484
f 829/1481 831/1484 827/1479
f 835/1485 834/1486 833/1487
f 827/1479 836/1488 828/1480
f 834/1486 835/1485 738/1452
f 837/1489 738/1452 739/1451
f 839/1490 836/1488 838/1491
f 828/1480 836/1488 839/1490
f 828/1480 826/1478 827/1479
f 840/1492 833/1487 834/1486
f 831/1484 832/1483 841/1493
f 832/1483 833/1487 840/1492
f 738/1452 837/1489 834/1486
f 832/1483 840/1492 841/1493
f 831/1484 836/1488 827/1479
f 842/1494 840/1492 834/1486
f 816/1468 843/1495 815/1465
f 836/1488 831/1484 838/1491
f 846/1496 845/1497 844/1498
f 848/1499 830/1482 847/1500
f 843/1495 849/1501 815/1465
f 828/1480 847/1500 830/1482
f 839/1490 847/1500 828/1480
f 850/1502 842/1494 834/1486
f 841/1493 840/1492 851/1503
f 850/1502 834/1486 837/1489
f 842/1494 838/1491 851/1503
f 842/1494 852/1504 838/1491
f 838/1491 831/1484 851/1503
f 831/1484 841/1493 851/1503
f 850/1502 853/1505 842/1494
f 840/1492 842/1494 851/1503
f 838/1491 852/1504 839/1490
f 564/1376 854/1506 566/1374
f 816/1468 855/1507 843/1495
f 856/1508 830/1482 848/1499
f 564/1376 857/1509 854/1506
f 859/1510 849/1501 858/1511
f 860/1512 854/1506 857/1509
f 861/1513 858/1511 849/1501
f 862/1514 859/1510 858/1511
f 843/1495 861/1513 849/1501
f 863/1515 861/1513 843/1495
f 865/1516 864/1517 856/1508
f 865/1516 856/1508 848/1499
f 566/1374 855/1507 816/1468
f 868/1518 867/1519 866/1520
f 863/1515 843/1495 855/1507
f 870/1521 868/1518 869/1522
f 861/1513 871/1523 858/1511
f 869/1522 858/1511 871/1523
f 858/1511 869/1522 866/1520
f 866/1520 869/1522 868/1518
f 566/1374 854/1506 855/1507
f 852/1504 847/1500 839/1490
f 865/1516 872/1524 864/1517
f 872/1524 873/1525 864/1517
f 847/1500 874/1526 865/1516
f 865/1516 848/1499 847/1500
f 877/1527 876/1528 875/1529
f 852/1504 874/1526 847/1500
f 842/1494 878/1530 852/1504
f 873/1525 872/1524 879/1531
f 874/1526 872/1524 865/1516
f 880/1532 855/1507 854/1506
f 853/1505 878/1530 842/1494
f 871/1523 861/1513 863/1515
f 878/1530 853/1505 881/1533
f 867/1519 868/1518 882/1534
f 871/1523 863/1515 855/1507
f 869/1522 855/1507 880/1532
f 867/1519 882/1534 753/1461
f 882/1534 868/1518 870/1521
f 869/1522 880/1532 883/1535
f 869/1522 871/1523 855/1507
f 870/1521 869/1522 884/1536
f 884/1536 869/1522 883/1535
f 870/1521 885/1537 882/1534
f 885/1537 870/1521 884/1536
f 884/1536 886/1538 885/1537
f 884/1536 883/1535 887/1539
f 883/1535 880/1532 888/1540
f 883/1535 888/1540 887/1539
f 878/1530 874/1526 852/1504
f 872/1524 874/1526 889/1541
f 890/1542 854/1506 860/1512
f 890/1542 860/1512 891/1543
f 892/1544 854/1506 890/1542
f 894/1545 872/1524 893/1546
f 893/1546 872/1524 889/1541
f 895/1547 874/1526 878/1530
f 892/1544 880/1532 854/1506
f 898/1548 897/1549 896/1550
f 899/1551 890/1542 891/1543
f 900/1552 872/1524 894/1545
f 903/1553 902/1554 901/1555
f 901/1555 902/1554 904/1556
f 901/1555 905/1557 903/1553
f 901/1555 876/1528 905/1557
f 898/1548 906/1558 897/1549
f 875/1529 876/1528 904/1556
f 901/1555 904/1556 876/1528
f 877/1527 907/1559 905/1557
f 908/1560 903/1553 905/1557
f 889/1541 874/1526 895/1547
f 909/1561 898/1548 896/1550
f 908/1560 907/1559 910/1562
f 881/1533 895/1547 878/1530
f 892/1544 888/1540 880/1532
f 899/1551 897/1549 906/1558
f 911/1563 892/1544 890/1542
f 914/1564 913/1565 912/1566
f 560/1370 888/1540 892/1544
f 915/1567 906/1558 898/1548
f 910/1562 917/1568 916/1569
f 916/1569 918/1570 910/1562
f 919/1571 899/1551 906/1558
f 912/1566 921/1572 920/1573
f 924/1574 923/1575 922/1576
f 925/1577 923/1575 908/1560
f 925/1577 908/1560 918/1570
f 908/1560 905/1557 907/1559
f 915/1567 926/1578 906/1558
f 895/1547 881/1533 927/1579
f 928/1580 915/1581 844/1498
f 911/1563 890/1542 919/1571
f 919/1571 906/1558 926/1578
f 915/1581 914/1564 844/1498
f 927/1579 889/1541 895/1547
f 919/1571 929/1582 911/1563
f 930/1583 920/1573 921/1572
f 915/1581 928/1580 931/1584
f 919/1571 890/1542 899/1551
f 923/1575 903/1553 908/1560
f 903/1553 923/1575 924/1574
f 931/1584 926/1585 915/1581
f 902/1554 924/1574 932/1586
f 924/1574 902/1554 903/1553
f 845/1497 934/1587 933/1588
f 934/1587 845/1497 846/1496
f 931/1584 928/1580 933/1588
f 844/1498 845/1497 928/1580
f 844/1498 935/1589 846/1496
f 937/1590 935/1589 936/1591
f 845/1497 933/1588 928/1580
f 940/1592 939/1593 938/1594
f 941/1595 918/1570 916/1569
f 914/1564 912/1566 920/1573
f 893/1546 943/1596 942/1597
f 940/1592 938/1594 944/1598
f 946/1599 945/1600 940/1592
f 937/1590 944/1598 938/1594
f 944/1598 946/1599 940/1592
f 925/1577 918/1570 947/1601
f 935/1589 938/1594 846/1496
f 941/1595 947/1601 918/1570
f 892/1544 911/1563 660/1392
f 927/1579 943/1596 893/1546
f 948/1602 942/1597 943/1596
f 950/1603 934/1587 949/1604
f 938/1594 934/1587 846/1496
f 949/1604 934/1587 938/1594
f 940/1592 945/1600 939/1593
f 927/1579 893/1546 889/1541
f 949/1604 938/1594 939/1593
f 947/1605 924/1574 922/1576
f 951/1606 911/1563 929/1582
f 922/1576 923/1575 925/1577
f 945/1600 949/1604 939/1593
f 933/1588 934/1587 950/1603
f 935/1589 937/1590 938/1594
f 947/1605 952/1607 924/1574
f 947/1601 922/1576 925/1577
f 560/1370 892/1544 660/1392
f 946/1599 568/1378 945/1600
f 951/1606 660/1392 911/1563
f 941/1608 952/1607 947/1605
f 950/1603 949/1604 953/1609
f 936/1591 948/1602 937/1590
f 954/1610 948/1602 943/1596
f 945/1600 661/1393 949/1604
f 879/1531 956/1611 955/1612
f 634/1383 946/1599 944/1598
f 879/1531 872/1524 900/1552
f 900/1552 956/1611 879/1531
f 958/1613 909/1614 957/1615
f 909/1561 913/1616 898/1548
f 913/1616 915/1567 898/1548
f 912/1566 909/1614 921/1572
f 900/1552 959/1617 956/1611
f 960/1618 921/1572 909/1614
f 909/1614 912/1566 913/1565
f 956/1611 959/1617 961/1619
f 962/1620 961/1619 959/1617
f 921/1572 960/1618 930/1583
f 965/1621 964/1622 963/1623
f 926/1585 963/1623 966/1624
f 893/1546 942/1597 894/1545
f 964/1622 966/1624 963/1623
f 930/1583 844/1498 920/1573
f 915/1581 913/1565 914/1564
f 968/1625 967/1626 894/1545
f 962/1620 959/1617 958/1613
f 909/1614 958/1613 960/1618
f 634/1383 944/1598 633/1384
f 894/1545 942/1597 968/1625
f 962/1620 958/1613 957/1615
f 919/1571 926/1578 969/1627
f 967/1626 900/1552 894/1545
f 949/1604 970/1628 953/1609
f 965/1621 963/1623 926/1585
f 661/1393 970/1628 949/1604
f 569/1377 945/1600 568/1378
f 632/1385 568/1378 634/1383
f 969/1629 926/1585 966/1624
f 634/1383 568/1378 946/1599
f 972/1630 968/1625 971/1631
f 654/1387 660/1392 951/1606
f 945/1600 569/1377 661/1393
f 958/1613 959/1617 960/1618
f 660/1392 558/1368 560/1370
f 967/1626 959/1617 900/1552
f 930/1583 960/1618 973/1632
f 973/1632 960/1618 959/1617
f 965/1621 926/1585 931/1584
f 935/1589 930/1583 971/1631
f 973/1632 972/1630 930/1583
f 935/1589 844/1498 930/1583
f 914/1564 920/1573 844/1498
f 971/1631 968/1625 942/1597
f 972/1630 971/1631 930/1583
f 972/1630 967/1626 968/1625
f 974/1633 936/1591 935/1589
f 964/1622 975/1634 966/1624
f 971/1631 942/1597 974/1633
f 959/1617 967/1626 973/1632
f 973/1632 967/1626 972/1630
f 975/1634 976/1635 966/1624
f 919/1571 969/1627 929/1582
f 931/1584 978/1636 977/1637
f 933/1588 978/1636 931/1584
f 971/1631 974/1633 935/1589
f 942/1597 948/1602 974/1633
f 965/1621 979/1638 964/1622
f 964/1622 979/1638 975/1634
f 977/1637 965/1621 931/1584
f 969/1627 980/1639 929/1582
f 978/1636 933/1588 950/1603
f 976/1635 975/1634 981/1640
f 966/1624 982/1641 969/1629
f 977/1637 983/1642 965/1621
f 983/1642 979/1638 965/1621
f 982/1641 966/1624 976/1635
f 974/1633 948/1602 936/1591
f 984/1643 978/1636 950/1603
f 985/1644 975/1634 979/1638
f 986/1645 977/1637 978/1636
f 980/1639 653/1388 951/1606
f 951/1606 929/1582 980/1639
f 987/1646 950/1603 953/1609
f 983/1642 988/1647 979/1638
f 988/1647 985/1644 979/1638
f 969/1627 989/1648 980/1639
f 987/1646 970/1628 990/1649
f 970/1628 987/1646 953/1609
f 986/1645 983/1642 977/1637
f 991/1650 982/1641 976/1635
f 653/1388 980/1639 989/1648
f 661/1393 658/1391 970/1628
f 978/1636 984/1643 986/1645
f 653/1388 654/1387 951/1606
f 987/1646 992/1651 950/1603
f 990/1649 970/1628 658/1391
f 975/1634 985/1644 981/1640
f 982/1652 989/1648 969/1627
f 655/1390 658/1391 661/1393
f 993/1653 983/1642 986/1645
f 988/1647 983/1642 993/1653
f 976/1635 981/1640 994/1654
f 994/1654 991/1650 976/1635
f 990/1649 992/1651 987/1646
f 992/1651 990/1649 995/1655
f 985/1644 988/1647 981/1640
f 996/1656 981/1640 988/1647
f 997/1657 990/1649 658/1391
f 990/1649 997/1657 995/1655
f 993/1653 986/1645 998/1658
f 984/1643 950/1603 992/1651
f 652/1389 653/1388 999/1659
f 652/1389 997/1657 658/1391
f 984/1643 998/1658 986/1645
f 984/1643 992/1651 998/1658
f 1000/1660 999/1659 653/1388
f 1000/1660 653/1388 989/1648
f 995/1655 1001/1661 992/1651
f 992/1651 1001/1661 998/1658
f 1003/1662 1002/1663 993/1653
f 1003/1662 993/1653 998/1658
f 1001/1661 997/1657 999/1659
f 1003/1662 998/1658 1001/1661
f 997/1657 1001/1661 995/1655
f 1004/1664 994/1654 981/1640
f 652/1389 999/1659 997/1657
f 1005/1665 1003/1662 1001/1661
f 996/1656 1004/1664 981/1640
f 1000/1660 1005/1665 999/1659
f 1002/1663 988/1647 993/1653
f 994/1654 1004/1664 1006/1666
f 1001/1661 999/1659 1005/1665
f 1007/1667 991/1650 994/1654
f 988/1647 1008/1668 996/1656
f 1007/1667 982/1641 991/1650
f 1008/1668 988/1647 1002/1663
f 996/1656 1008/1668 1004/1664
f 1000/1660 989/1648 1009/1669
f 1010/1670 1002/1663 1003/1662
f 1011/1671 1000/1660 1009/1669
f 1012/1672 1002/1663 1010/1670
f 1007/1667 994/1654 1013/1673
f 989/1648 982/1652 1007/1674
f 1008/1668 1014/1675 1004/1664
f 1003/1662 1005/1665 1010/1670
f 1015/1676 1006/1666 1014/1675
f 1002/1663 1012/1672 1008/1668
f 1014/1675 1006/1666 1004/1664
f 1009/1669 989/1648 1007/1674
f 1013/1673 994/1654 1006/1666
f 1011/1671 1005/1665 1000/1660
f 1013/1673 1006/1666 1015/1676
f 1008/1668 1012/1672 1014/1675
f 1015/1676 1007/1667 1013/1673
f 1011/1671 1010/1670 1005/1665
f 1016/1677 1014/1675 1012/1672
f 1016/1677 1012/1672 1011/1671
f 1016/1677 1011/1671 1009/1669
f 1010/1670 1011/1671 1012/1672
f 1009/1669 1007/1674 1015/1676
f 1014/1675 1016/1677 1015/1676
f 1016/1677 1009/1669 1015/1676
f 1019/1678 1018/1679 1017/1680
f 1020/1681 1019/1678 1017/1680
f 1017/1680 1022/1682 1021/1683
f 1020/1681 1017/1680 1021/1683
f 1024/1684 1022/1682 1023/1685
f 1021/1683 1022/1682 1024/1684
f 1021/1683 1024/1684 1025/1686
f 1026/1687 1022/1682 1018/1679
f 1026/1687 1023/1685 1022/1682
f 1024/1684 1023/1685 1027/1688
f 1025/1686 1020/1681 1021/1683
f 1024/1684 1027/1688 1025/1686
f 1018/1679 1022/1682 1017/1680
f 1029/1689 1028/1690 1020/1681
f 1019/1678 1020/1681 1028/1690
f 1030/1691 1018/1679 1019/1678
f 1033/1692 1032/1693 1031/1694
f 1025/1686 1029/1689 1020/1681
f 1032/1693 1019/1678 1028/1690
f 1029/1689 1034/1695 1031/1694
f 1031/1694 1032/1693 1028/1690
f 1034/1695 1029/1689 1025/1686
f 1029/1689 1031/1694 1028/1690
f 1035/1696 1033/1692 1031/1694
f 1025/1686 1027/1688 1034/1695
f 1032/1693 1033/1692 1019/1678
f 1035/1696 1031/1694 1034/1695
f 1036/1697 1026/1687 1018/1679
f 1033/1692 1030/1691 1019/1678
f 1023/1698 1037/1699 1027/1700
f 1040/1701 1039/1702 1038/1703
f 1040/1701 1041/1704 1039/1702
f 1037/1699 1023/1698 1026/1705
f 1037/1699 1026/1705 1036/1706
f 1042/1707 1030/1691 1033/1692
f 1044/1708 1043/1709 1035/1696
f 1045/1710 1027/1700 1037/1699
f 1039/1711 1046/1712 1038/1713
f 1048/1714 1047/1715 1033/1692
f 1049/1716 1034/1695 1027/1688
f 1039/1711 1050/1717 1046/1712
f 1035/1696 1034/1695 1044/1708
f 1041/1718 1051/1719 1039/1711
f 1053/1720 1052/1721 1041/1704
f 1035/1696 1043/1709 1033/1692
f 1041/1718 1052/1722 1051/1719
f 1054/1723 1037/1699 1036/1706
f 1018/1679 1030/1691 1036/1697
f 1054/1723 1045/1710 1037/1699
f 1047/1715 1042/1707 1033/1692
f 1055/1724 1045/1710 1054/1723
f 1048/1714 1033/1692 1043/1709
f 1044/1708 1034/1695 1049/1716
f 1051/1719 1050/1717 1039/1711
f 1030/1691 1054/1725 1036/1697
f 1027/1700 1045/1710 1056/1726
f 1051/1719 1052/1722 1057/1727
f 1027/1700 1056/1726 1049/1728
f 1048/1714 1058/1729 1047/1715
f 1051/1719 1059/1730 1050/1717
f 1060/1731 1047/1715 1058/1729
f 1061/1732 1059/1730 1051/1719
f 1051/1719 1057/1727 1062/1733
f 1042/1707 1047/1715 1060/1731
f 1051/1719 1062/1733 1063/1734
f 1055/1735 1054/1725 1042/1707
f 1064/1736 1042/1707 1060/1731
f 1042/1707 1054/1725 1030/1691
f 1065/1737 1056/1726 1045/1710
f 1044/1708 1066/1738 1043/1709
f 1043/1709 1067/1739 1048/1714
f 1044/1708 1049/1716 1066/1738
f 1067/1739 1068/1740 1048/1714
f 1067/1739 1043/1709 1066/1738
f 1068/1740 1069/1741 1048/1714
f 1070/1742 1058/1729 1069/1741
f 1071/1743 1046/1712 619/1382
f 1046/1712 621/1380 619/1382
f 1046/1712 1050/1717 1059/1730
f 1073/1744 1068/1740 1072/1745
f 1069/1741 1058/1729 1048/1714
f 1059/1730 621/1380 1046/1712
f 1074/1746 1067/1739 1066/1738
f 1068/1740 1067/1739 1072/1745
f 1074/1746 1072/1745 1067/1739
f 1066/1738 1049/1716 688/1407
f 1076/1747 1075/1748 1052/1721
f 1074/1746 1066/1738 688/1407
f 1057/1727 1052/1722 1077/1749
f 1077/1750 1052/1721 1075/1748
f 1055/1724 1065/1737 1045/1710
f 1079/1751 1062/1733 1057/1727
f 1057/1727 1077/1749 1080/1752
f 1081/1753 1065/1737 1055/1724
f 1055/1735 1042/1707 1081/1754
f 1042/1707 1064/1736 1081/1754
f 1082/1755 1059/1730 1061/1732
f 621/1380 1059/1730 1083/1756
f 1084/1757 1081/1754 1064/1736
f 1051/1719 1063/1734 1061/1732
f 1061/1732 1063/1734 1082/1755
f 1075/1748 1085/1758 1077/1750
f 1086/1759 1081/1753 1084/1760
f 1065/1737 1081/1753 1086/1759
f 1060/1731 1070/1742 1064/1736
f 1087/1761 1062/1733 1079/1751
f 1084/1757 1064/1736 1080/1752
f 620/1381 621/1380 1088/1762
f 1070/1742 1060/1731 1058/1729
f 1077/1749 1084/1757 1080/1752
f 1086/1759 1077/1750 1085/1758
f 1090/1763 1085/1758 1089/1764
f 1086/1759 1084/1760 1077/1750
f 1091/1765 1065/1737 1086/1759
f 621/1380 1083/1756 1088/1762
f 1093/1766 1092/1767 620/1381
f 1088/1762 1093/1766 620/1381
f 1063/1734 1062/1733 1087/1761
f 1091/1765 1056/1726 1065/1737
f 1092/1767 1093/1766 1094/1768
f 1085/1758 1090/1763 1086/1759
f 1086/1759 1090/1763 1091/1765
f 1056/1726 1095/1769 1049/1728
f 1095/1769 1056/1726 1091/1765
f 1082/1755 1096/1770 1059/1730
f 1073/1744 1097/1771 1069/1741
f 1070/1742 1079/1751 1080/1752
f 1070/1742 1069/1741 1097/1771
f 1070/1742 1080/1752 1064/1736
f 1079/1751 1070/1742 1098/1772
f 1079/1751 1057/1727 1080/1752
f 1099/1773 1097/1771 1073/1744
f 1089/1764 1100/1774 1090/1763
f 1068/1740 1073/1744 1069/1741
f 1102/1775 1082/1755 1101/1776
f 1063/1734 1087/1761 1103/1777
f 1100/1774 1091/1765 1090/1763
f 1104/1778 1087/1761 1079/1751
f 1070/1742 1097/1771 1098/1772
f 1082/1755 1063/1734 1101/1776
f 1063/1734 1103/1777 1101/1776
f 1102/1775 1096/1770 1082/1755
f 1073/1744 1072/1745 1105/1779
f 1106/1780 1088/1762 1083/1756
f 1059/1730 1096/1770 1083/1756
f 716/1437 1091/1765 1100/1774
f 1083/1756 1096/1770 1106/1780
f 1098/1772 1104/1778 1079/1751
f 1099/1773 1098/1772 1097/1771
f 1072/1745 1074/1746 1105/1779
f 1095/1769 688/1412 1049/1728
f 695/1414 1087/1761 1104/1778
f 1098/1772 1107/1781 1104/1778
f 688/1407 689/1406 1074/1746
f 1105/1779 689/1406 1108/1782
f 1074/1746 689/1406 1105/1779
f 1095/1769 694/1413 688/1412
f 1103/1777 1087/1761 695/1414
f 1099/1773 1073/1744 1105/1779
f 1108/1782 1099/1773 1105/1779
f 679/1398 1101/1776 1103/1777
f 1103/1777 683/1399 679/1398
f 1103/1777 695/1414 683/1399
f 1107/1781 1109/1783 1104/1778
f 681/1396 679/1398 683/1399
f 716/1437 1100/1774 1110/1784
f 1091/1765 716/1437 1095/1769
f 1104/1778 1109/1783 695/1414
f 1111/1785 1101/1776 679/1398
f 1099/1773 702/1424 1112/1786
f 1113/1787 695/1414 1109/1783
f 1107/1781 1098/1772 1099/1773
f 1114/1788 1096/1770 1102/1775
f 1106/1780 1096/1770 1114/1788
f 1117/1789 1116/1790 1115/1791
f 1101/1776 1111/1785 1102/1775
f 1108/1782 702/1424 1099/1773
f 1106/1780 1119/1792 1118/1793
f 680/1397 687/1404 679/1398
f 1106/1780 1120/1794 1088/1762
f 1114/1788 1119/1792 1106/1780
f 1114/1788 1102/1775 713/1435
f 1120/1794 1121/1795 1094/1768
f 1088/1762 1120/1794 1093/1766
f 1102/1775 1111/1785 713/1435
f 1108/1782 689/1406 702/1424
f 1122/1796 1094/1768 1121/1795
f 1094/1768 1093/1766 1120/1794
f 679/1398 687/1404 1111/1785
f 1106/1780 1118/1793 1120/1794
f 1116/1790 1124/1797 1123/1798
f 1127/1799 1126/1800 1125/1801
f 695/1414 698/1417 693/1409
f 1128/1802 1114/1788 713/1435
f 716/1437 694/1413 1095/1769
f 695/1414 684/1401 683/1399
f 698/1417 1112/1786 700/1420
f 702/1424 700/1420 1112/1786
f 1107/1781 1099/1773 1112/1786
f 1118/1793 1121/1795 1120/1794
f 1113/1787 698/1417 695/1414
f 686/1402 1129/1803 685/1403
f 1124/1797 1116/1790 1129/1803
f 1129/1803 686/1402 1124/1797
f 1115/1791 1116/1790 1123/1804
f 713/1435 1111/1785 687/1404
f 1123/1798 1124/1797 686/1402
f 1129/1803 1116/1790 1117/1789
f 821/1473 822/1472 1121/1795
f 685/1403 1129/1803 1130/1805
f 1131/1806 1107/1781 1112/1786
f 1113/1787 1109/1783 1131/1806
f 823/1475 1132/1807 818/1470
f 1133/1808 1118/1793 1119/1792
f 1128/1802 1119/1792 1114/1788
f 1121/1795 1118/1793 1134/1809
f 1131/1806 1109/1783 1107/1781
f 1122/1796 1121/1795 822/1472
f 1134/1809 821/1473 1121/1795
f 703/1425 1123/1804 691/1422
f 1131/1806 698/1417 1113/1787
f 686/1402 691/1408 1123/1798
f 1100/1774 1135/1810 1110/1784
f 1131/1806 1112/1786 698/1417
f 1115/1791 703/1425 701/1421
f 1115/1791 720/1440 1127/1799
f 1135/1810 1137/1811 1136/1812
f 1115/1791 1123/1804 703/1425
f 1110/1784 1135/1810 1136/1812
f 1139/1813 1134/1809 1138/1814
f 1134/1809 1118/1793 1138/1814
f 825/1477 1134/1809 1139/1813
f 821/1473 1134/1809 825/1477
f 1125/1801 687/1404 685/1403
f 1119/1792 1128/1802 1140/1815
f 1119/1792 1140/1815 1133/1808
f 1141/1816 1140/1815 733/1446
f 1142/1817 1139/1813 1138/1814
f 825/1477 829/1481 824/1476
f 711/1434 1140/1815 1128/1802
f 1133/1808 1142/1817 1138/1814
f 1138/1814 1118/1793 1133/1808
f 1128/1802 713/1435 711/1434
f 1143/1818 712/1433 1125/1801
f 687/1404 1125/1801 712/1433
f 829/1481 825/1477 1139/1813
f 1137/1811 1145/1819 1144/1820
f 1148/1821 1147/1822 1146/1823
f 716/1437 1110/1784 715/1438
f 1149/1824 1144/1820 1147/1822
f 1149/1824 1136/1812 1137/1811
f 1137/1811 1144/1820 1149/1824
f 1149/1824 1147/1822 1148/1821
f 1129/1803 1117/1789 1130/1805
f 1127/1799 1130/1805 1117/1789
f 1149/1824 1148/1821 1150/1825
f 1151/1826 1136/1812 1149/1824
f 829/1481 1139/1813 832/1483
f 1117/1789 1115/1791 1127/1799
f 1142/1817 833/1487 1139/1813
f 1141/1816 1133/1808 1140/1815
f 720/1440 1115/1791 701/1421
f 1126/1800 1152/1827 1143/1818
f 719/1439 1152/1827 1126/1800
f 833/1487 832/1483 1139/1813
f 719/1439 1143/1818 1152/1827
f 1126/1800 1143/1818 1125/1801
f 833/1487 1142/1817 1141/1816
f 835/1485 833/1487 1141/1816
f 1142/1817 1133/1808 1141/1816
f 719/1439 712/1433 1143/1818
f 722/1442 1126/1800 720/1440
f 711/1434 733/1446 1140/1815
f 733/1446 734/1445 1141/1816
f 719/1439 1126/1800 722/1442
f 1127/1799 720/1440 1126/1800
f 734/1445 732/1447 739/1451
f 1141/1816 734/1445 738/1452
f 1150/1825 1151/1826 1149/1824
f 715/1438 1110/1784 1136/1812
f 849/1501 1148/1821 815/1465
f 738/1452 835/1485 1141/1816
f 1136/1812 1153/1828 715/1438
f 1151/1826 1153/1828 1136/1812
f 750/1458 1153/1828 1151/1826
f 1150/1825 1148/1821 859/1510
f 1154/1829 1151/1826 1150/1825
f 746/1456 715/1438 1153/1828
f 1150/1825 859/1510 862/1514
f 1154/1829 1150/1825 862/1514
f 746/1456 1153/1828 750/1458
f 859/1510 1148/1821 849/1501
f 1154/1829 1155/1830 750/1458
f 1155/1830 1154/1829 867/1519
f 866/1520 862/1514 858/1511
f 1154/1829 862/1514 866/1520
f 1154/1829 750/1458 1151/1826
f 1155/1830 753/1461 750/1458
f 1154/1829 866/1520 867/1519
f 753/1461 1155/1830 867/1519
f 1156/1831 850/1502 837/1489
f 744/1454 837/1489 739/1451
f 1157/1832 1156/1831 837/1489
f 1160/1833 1157/1832 1159/1834
f 850/1502 1156/1831 1161/1835
f 771/1836 744/1454 754/1462
f 850/1502 1161/1835 853/1505
f 1157/1832 837/1489 744/1454
f 1159/1834 1157/1832 744/1454
f 1163/1837 1156/1831 1162/1838
f 771/1836 1159/1834 744/1454
f 1162/1838 1156/1831 1157/1832
f 1161/1835 1163/1837 1165/1839
f 853/1505 1161/1835 1165/1839
f 1162/1838 1157/1832 1160/1833
f 1167/1840 1166/1841 1160/1833
f 1156/1831 1163/1837 1161/1835
f 1168/1842 1165/1839 875/1529
f 1165/1839 1168/1842 853/1505
f 1168/1842 875/1529 904/1556
f 875/1529 1165/1839 877/1527
f 917/1568 1165/1839 1163/1837
f 1166/1841 1162/1838 1160/1833
f 917/1568 877/1527 1165/1839
f 1166/1841 1163/1837 1162/1838
f 1167/1840 1171/1843 1166/1841
f 917/1568 1163/1837 1166/1841
f 1171/1843 917/1568 1166/1841
f 881/1533 853/1505 1168/1842
f 877/1527 905/1557 876/1528
f 1168/1842 904/1556 881/1533
f 917/1568 907/1559 877/1527
f 904/1556 902/1554 927/1579
f 927/1579 881/1533 904/1556
f 918/1570 908/1560 910/1562
f 907/1559 917/1568 910/1562
f 917/1568 1171/1843 1176/1844
f 932/1586 927/1579 902/1554
f 753/1461 882/1534 1177/1845
f 1178/1846 1177/1845 882/1534
f 791/1464 753/1461 1177/1845
f 1181/1847 1178/1846 885/1537
f 887/1539 886/1538 884/1536
f 932/1586 943/1596 927/1579
f 885/1537 1178/1846 882/1534
f 1176/1844 1182/1848 917/1568
f 1171/1843 1183/1849 1176/1844
f 916/1569 917/1568 1182/1848
f 885/1537 886/1538 1181/1847
f 887/1539 1198/1850 886/1538
f 887/1539 888/1540 1198/1850
f 1198/1850 1199/1851 886/1538
f 1199/1851 1181/1847 886/1538
f 1199/1851 1178/1846 1181/1847
f 1183/1849 1171/1843 1205/1852
f 1182/1848 941/1595 916/1569
f 1182/1848 1176/1844 636/1853
f 924/1574 952/1607 932/1586
f 560/1370 559/1367 1198/1850
f 636/1853 941/1595 1182/1848
f 954/1610 943/1596 932/1586
f 633/1384 952/1607 941/1608
f 932/1586 952/1607 954/1610
f 1176/1844 1205/1852 636/1853
f 1183/1849 1205/1852 1176/1844
f 888/1540 560/1370 1198/1850
f 937/1590 633/1384 944/1598
f 562/1854 636/1853 1205/1852
f 562/1854 1205/1852 561/1855
f 937/1590 948/1602 633/1384
f 954/1610 952/1607 633/1384
f 632/1385 941/1608 636/1386
f 633/1384 941/1608 632/1385
f 633/1384 948/1602 954/1610
f 562/1372 568/1378 632/1385
f 1041/1704 1040/1701 1053/1720
f 1053/1720 1076/1747 1052/1721
f 1227/1856 1226/1857 1225/1858
f 1229/1859 1225/1858 1228/1860
f 1225/1858 1235/1861 1234/1862
f 1238/1863 1237/1864 1236/1865
f 1225/1858 1229/1859 1235/1861
f 1250/1866 1249/1867 1236/1868
f 1236/1865 1295/1869 1238/1863
f 1249/1870 1295/1869 1236/1865
f 1309/1871 1295/1869 1249/1870
f 1309/1871 1249/1870 1310/1872
f 1238/1863 1313/1873 1312/1874
f 1317/1875 1238/1863 1295/1869
f 1295/1869 1309/1871 1317/1875
f 1310/1872 1319/1876 1309/1871
f 1322/1877 1321/1878 1320/1879
f 1310/1872 1320/1879 1319/1876
f 1330/1880 1309/1871 1319/1876
f 1319/1876 1320/1879 1321/1878
f 1317/1875 1309/1871 1330/1880
f 1322/1877 1350/1881 1321/1878
f 1357/1882 1356/1883 1355/1884
f 1361/1885 1360/1886 1359/1887
f 1357/1882 1355/1884 1366/1888
f 1366/1888 1361/1885 1359/1887
f 1365/1889 1361/1885 1366/1888
f 1366/1888 1355/1884 1365/1889
f 1367/1890 1360/1886 1365/1889
f 1137/1811 1135/1810 1145/1819
f 1373/1891 1146/1823 1372/1892
f 1144/1820 1372/1892 1147/1822
f 1372/1892 1146/1823 1147/1822
f 1144/1820 1145/1819 1374/1893
f 1145/1819 1135/1810 1375/1894
f 1374/1893 1372/1892 1144/1820
f 1375/1894 1135/1810 1376/1895
f 1085/1758 1377/1896 1089/1764
f 1376/1895 1135/1810 1100/1774
f 1100/1774 1089/1764 1376/1895
f 1085/1758 1378/1897 1377/1896
f 1075/1748 1378/1897 1085/1758
f 1382/1898 1378/1897 1076/1747
f 1076/1747 1378/1897 1075/1748
f 1319/1876 1321/1878 1385/1899
f 437/1285 1386/1900 234/1152
f 234/1152 1388/1901 1387/1902
f 1388/1901 234/1152 1386/1900
f 1388/1901 1389/1903 1387/1902
f 1390/1904 1321/1878 1350/1881
f 234/1152 1387/1902 233/1153
f 426/1275 1389/1903 1391/1905
f 1392/1906 426/1275 1391/1905
f 1387/1902 1389/1903 426/1275
f 1387/1902 426/1275 233/1153
f 1391/1905 424/1273 1392/1906
f 1391/1905 1396/1907 424/1273
f 423/1272 426/1275 1392/1906
f 1392/1906 424/1273 423/1272
f 424/1273 1396/1907 401/1251
f 1408/1908 1407/1909 1406/1910
f 1407/1909 1373/1891 1372/1892
f 1385/1899 1409/1911 1319/1876
f 1407/1909 1412/1912 1373/1891
f 1413/1913 1374/1893 1145/1819
f 1374/1893 1413/1913 1372/1892
f 1406/1910 1415/1914 1414/1915
f 1415/1914 1406/1910 1407/1909
f 1416/1916 1372/1892 1413/1913
f 1413/1913 1145/1819 1375/1894
f 1407/1909 1372/1892 1415/1914
f 1413/1913 1375/1894 1417/1917
f 1372/1892 1416/1916 1415/1914
f 1375/1894 1376/1895 1418/1918
f 1418/1918 1417/1917 1375/1894
f 1419/1919 1376/1895 1089/1764
f 1419/1919 1418/1918 1376/1895
f 1378/1897 1421/1920 1377/1896
f 1423/1921 1419/1919 1377/1896
f 1089/1764 1377/1896 1419/1919
f 1423/1921 1424/1922 1419/1919
f 1377/1896 1421/1920 1423/1921
f 1423/1921 1421/1920 1425/1923
f 1382/1898 1421/1920 1378/1897
f 1382/1898 1426/1924 1421/1920
f 1421/1920 1426/1924 1425/1923
f 1428/1925 1426/1924 1427/1926
f 1434/1927 1433/1928 1432/1929
f 1436/1930 1435/1931 1432/1929
f 1436/1930 1437/1932 1435/1931
f 1435/1931 1250/1866 1432/1929
f 1434/1927 1439/1933 1438/1934
f 1250/1866 1439/1933 1434/1927
f 1250/1866 1434/1927 1432/1929
f 1310/1935 1435/1931 1437/1932
f 1441/1936 1439/1933 1440/1937
f 1439/1933 1236/1868 1440/1937
f 1438/1934 1439/1933 1441/1936
f 1310/1935 1437/1932 1442/1938
f 1237/1939 1440/1937 1236/1868
f 1250/1866 1236/1868 1439/1933
f 1249/1867 1250/1866 1435/1931
f 1320/1940 1310/1935 1442/1938
f 1249/1867 1435/1931 1310/1935
f 1445/1941 1444/1942 1442/1938
f 1385/1899 1321/1878 1390/1904
f 1442/1938 1444/1942 1320/1940
f 1322/1943 1320/1940 1444/1942
f 1445/1941 1446/1944 1444/1942
f 1447/1945 1414/1915 1446/1944
f 1447/1945 1446/1944 1445/1941
f 1446/1944 1414/1915 1450/1946
f 1444/1942 1446/1944 1453/1947
f 1456/1948 1038/1713 1046/1712
f 1038/1713 1456/1948 1457/1949
f 1460/1950 1040/1701 1459/1951
f 1444/1942 1453/1947 1322/1943
f 1461/1952 1454/1953 1455/1954
f 1454/1953 1461/1952 1458/1955
f 1322/1877 1453/1956 1350/1881
f 1464/1957 1463/1958 1462/1959
f 1458/1955 1464/1957 1462/1959
f 897/1549 1466/1960 1465/1961
f 1433/1928 1465/1961 1466/1960
f 1460/1950 1053/1720 1040/1701
f 1467/1962 1436/1930 1466/1960
f 1436/1930 1467/1962 1468/1963
f 1432/1929 1466/1960 1436/1930
f 1437/1932 1436/1930 1468/1963
f 1468/1963 1469/1964 1437/1932
f 1466/1960 1432/1929 1433/1928
f 857/1509 1471/1965 1470/1966
f 1456/1948 1472/1967 1457/1949
f 1437/1932 1469/1964 1473/1968
f 1471/1965 565/1375 1470/1966
f 1470/1966 1473/1968 1469/1964
f 1473/1968 1442/1938 1437/1932
f 1475/1969 1474/1970 565/1375
f 1474/1970 1475/1969 1412/1912
f 1442/1938 1473/1968 1445/1941
f 565/1375 1474/1970 1476/1971
f 1445/1941 1470/1966 1476/1971
f 1476/1971 1470/1966 565/1375
f 1470/1966 1445/1941 1473/1968
f 1475/1969 1373/1891 1412/1912
f 1474/1970 1412/1912 1408/1908
f 1406/1910 1476/1971 1474/1970
f 1407/1909 1408/1908 1412/1912
f 1447/1945 1445/1941 1476/1971
f 1476/1971 1414/1915 1447/1945
f 1474/1970 1408/1908 1406/1910
f 1478/1972 1457/1973 1477/1974
f 1414/1915 1476/1971 1406/1910
f 1450/1946 1414/1915 1415/1914
f 1450/1946 1415/1914 1461/1952
f 1461/1952 1455/1954 1450/1946
f 1415/1914 1509/1975 1461/1952
f 1509/1975 1415/1914 1416/1916
f 1458/1955 1461/1952 1464/1957
f 1413/1913 1511/1976 1416/1916
f 1511/1976 1509/1975 1416/1916
f 1440/1937 1513/1977 1512/1978
f 1440/1937 1512/1978 1441/1936
f 1517/1979 1511/1976 1516/1980
f 1519/1981 1518/1982 1234/1983
f 1438/1934 1441/1936 1520/1984
f 1235/1985 1519/1981 1234/1983
f 1521/1986 1519/1981 1235/1985
f 1520/1984 1441/1936 1512/1978
f 1234/1983 1518/1982 1522/1987
f 1234/1983 1522/1987 1523/1988
f 1524/1989 1519/1981 1521/1986
f 1527/1990 1526/1991 1525/1992
f 1527/1990 1524/1989 1526/1991
f 1528/1993 1519/1981 1527/1990
f 1417/1917 1516/1980 1511/1976
f 1518/1982 1519/1981 1528/1993
f 1524/1989 1527/1990 1519/1981
f 1511/1976 1517/1979 1509/1975
f 1527/1990 1525/1992 1533/1994
f 1535/1995 1534/1996 1516/1980
f 1536/1997 1527/1990 1533/1994
f 1461/1952 1509/1975 1464/1957
f 1537/1998 1518/1982 1528/1993
f 1538/1999 1534/1996 1535/1995
f 1535/1995 1419/1919 1424/1922
f 1527/1990 1536/1997 1528/1993
f 1413/1913 1417/1917 1511/1976
f 1536/1997 1537/1998 1528/1993
f 1417/1917 1418/1918 1516/1980
f 1516/1980 1418/1918 1419/1919
f 1535/1995 1516/1980 1419/1919
f 1542/2000 1424/1922 1425/1923
f 1425/1923 1424/1922 1423/1921
f 1428/1925 1425/1923 1426/1924
f 1538/1999 1535/1995 1424/1922
f 1428/1925 1542/2000 1425/1923
f 1542/2000 1546/2001 1424/1922
f 1553/2002 1552/2003 1551/2004
f 1562/2005 1561/2006 1560/2007
f 1428/1925 1563/2008 1542/2000
f 1542/2000 1553/2002 1546/2001
f 1564/2009 1562/2005 1537/1998
f 1542/2000 1552/2003 1553/2002
f 1567/2010 1537/1998 1562/2005
f 1552/2003 1542/2000 1563/2008
f 1536/1997 1564/2009 1537/1998
f 1585/2011 822/1472 818/1470
f 822/1472 1585/2011 1122/1796
f 1589/2012 1588/2013 1585/2011
f 1567/2010 1544/2014 1518/1982
f 1122/1796 1585/2011 1594/2015
f 1536/1997 1561/2006 1564/2009
f 1585/2011 1132/1807 1589/2012
f 1536/1997 1596/2016 1561/2006
f 1585/2011 1588/2013 1597/2017
f 1596/2016 1599/2018 1561/2006
f 1585/2011 1597/2017 1594/2015
f 818/1470 1132/1807 1585/2011
f 1518/1982 1537/1998 1567/2010
f 1593/2019 1594/2015 1597/2017
f 1562/2005 1564/2009 1561/2006
f 1602/2020 1601/2021 1600/2022
f 1561/2006 1599/2018 1605/2023
f 1122/1796 1604/2024 1094/1768
f 1122/1796 1594/2015 1604/2024
f 1561/2006 1605/2023 1606/2025
f 1560/2007 1561/2006 1606/2025
f 1094/1768 1604/2024 1607/2026
f 1094/1768 1607/2026 1092/1767
f 1071/1743 620/1381 1092/1767
f 1608/2027 1071/1743 1607/2026
f 1071/1743 1092/1767 1607/2026
f 1382/1898 1076/1747 1053/1720
f 1611/2028 1610/2029 1609/2030
f 619/1382 620/1381 1071/1743
f 1611/2028 1609/2030 1613/2031
f 1071/1743 1456/1948 1046/1712
f 1456/1948 1071/1743 1472/1967
f 1610/2032 1608/2027 1609/2033
f 1460/1950 1382/1898 1053/1720
f 1610/2032 1472/1967 1071/1743
f 1608/2027 1610/2032 1071/1743
f 1457/1973 1472/2034 1477/1974
f 1616/2035 1615/2036 1614/2037
f 1619/2038 1616/2035 1618/2039
f 1618/2039 1616/2035 1614/2037
f 1620/2040 1618/2039 1614/2037
f 1622/2041 1562/2005 1621/2042
f 1624/2043 1616/2035 1623/2044
f 472/1300 416/1263 1625/2045
f 419/1268 1625/2045 416/1263
f 1627/2046 1603/2047 1626/2048
f 419/1268 407/1256 1628/2049
f 1615/2036 1628/2049 1629/2050
f 1629/2050 1620/2040 1614/2037
f 1624/2043 1615/2036 1616/2035
f 1629/2050 1628/2049 1630/2051
f 1623/2044 1625/2045 1624/2043
f 1630/2051 1628/2049 1631/2052
f 1615/2036 1624/2043 1628/2049
f 1629/2050 1614/2037 1615/2036
f 1630/2051 1631/2052 1633/2053
f 1560/2007 1621/2042 1562/2005
f 1635/2054 1634/2055 1633/2053
f 1606/2025 1605/2023 1602/2020
f 419/1268 1628/2049 1624/2043
f 1624/2043 1625/2045 419/1268
f 1628/2049 411/1260 1631/2052
f 1635/2054 1633/2053 1636/2056
f 1628/2049 407/1256 411/1260
f 1751/2057 1750/2058 1749/2059
f 1755/2060 1751/2057 1749/2059
f 1757/2061 1756/2062 1755/2060
f 1757/2061 1755/2060 1749/2059
f 1755/2060 1761/2063 1760/2064
f 1755/2060 1756/2062 1761/2063
f 1769/2065 1768/2066 1767/2067
f 1765/2068 1771/2069 1767/2067
f 1775/2070 1774/2071 1773/2072
f 1777/2073 1775/2070 1773/2072
f 1768/2066 1765/2068 1767/2067
f 1769/2065 1778/2074 1768/2066
f 1778/2074 1769/2065 1781/2075
f 1784/2076 1783/2077 1782/2078
f 1781/2075 1769/2065 1785/2079
f 1781/2075 1768/2066 1778/2074
f 1770/2080 1526/1991 1787/2081
f 1781/2075 1526/1991 1770/2080
f 1777/2073 1773/2072 1513/2082
f 1770/2080 1768/2066 1781/2075
f 1801/2083 1800/2084 1799/2085
f 1800/2084 1802/2086 1799/2085
f 1804/2087 1803/2088 1802/2086
f 1802/2086 1805/2089 1799/2085
f 1808/2090 1807/2091 1806/2092
f 1803/2088 1804/2087 1807/2091
f 1805/2089 1802/2086 1809/2093
f 1809/2093 1802/2086 1803/2088
f 1810/2094 1804/2087 1800/2084
f 1809/2093 1812/2095 1811/2096
f 1814/2097 1813/2098 1803/2088
f 1814/2097 1803/2088 1782/2078
f 1800/2084 1804/2087 1802/2086
f 1817/2099 1816/2100 1815/2101
f 1782/2078 1783/2077 1814/2097
f 1809/2093 1803/2088 1813/2098
f 1809/2093 1814/2097 1812/2095
f 1818/2102 1816/2100 1817/2099
f 1820/2103 1819/2104 1600/2022
f 1808/2090 1803/2088 1807/2091
f 1782/2078 1803/2088 1815/2101
f 1819/2104 1803/2088 1808/2090
f 1815/2101 1803/2088 1819/2104
f 1815/2101 1819/2104 1820/2103
f 1821/2105 1815/2101 1820/2103
f 1823/2106 1812/2095 1822/2107
f 1821/2105 1817/2099 1815/2101
f 1826/2108 1825/2109 1824/2110
f 1828/2111 1812/2095 1827/2112
f 1820/2103 1600/2022 1601/2021
f 1828/2111 1829/2113 1824/2110
f 1601/2021 1821/2105 1820/2103
f 1824/2110 1823/2106 1822/2107
f 1783/2077 1827/2112 1814/2097
f 1816/2100 1782/2078 1815/2101
f 1825/2109 1830/2114 1824/2110
f 1812/2095 1823/2106 1811/2096
f 1812/2095 1814/2097 1827/2112
f 1831/2115 1824/2110 1829/2113
f 1783/2077 1832/2116 1827/2112
f 1828/2111 1827/2112 1832/2116
f 1831/2115 1834/2117 1833/2118
f 1822/2107 1812/2095 1828/2111
f 1835/2119 1784/2076 1816/2100
f 1832/2116 1784/2076 1828/2111
f 1828/2111 1824/2110 1822/2107
f 1824/2110 1830/2114 1823/2106
f 1835/2119 1816/2100 1818/2102
f 1596/2016 1818/2102 1817/2099
f 1846/2120 1845/2121 1844/2122
f 1826/2108 1824/2110 1831/2115
f 1817/2099 1599/2018 1596/2016
f 1844/2122 1848/2123 1847/2124
f 1782/2078 1816/2100 1784/2076
f 1844/2122 1849/2125 1848/2123
f 1846/2120 1844/2122 1843/2126
f 1843/2126 1844/2122 1842/2127
f 1784/2076 1832/2116 1783/2077
f 1834/2117 1831/2115 1829/2113
f 1834/2117 1828/2111 1784/2076
f 1844/2122 1845/2121 1849/2125
f 1849/2125 1852/2128 1848/2123
f 1834/2117 1784/2076 1835/2119
f 1596/2016 1835/2119 1818/2102
f 1853/2129 1846/2120 1843/2126
f 1845/2121 1855/2130 1849/2125
f 1829/2113 1828/2111 1834/2117
f 1855/2130 1852/2128 1849/2125
f 1856/2131 1833/2118 1834/2117
f 1855/2130 1845/2121 1858/2132
f 1769/2065 1767/2067 1855/2130
f 1767/2067 1852/2128 1855/2130
f 1769/2065 1855/2130 1785/2079
f 1858/2132 1845/2121 1861/2133
f 1861/2133 1846/2120 1853/2129
f 1845/2121 1846/2120 1861/2133
f 1856/2131 1834/2117 1835/2119
f 1533/1994 1835/2119 1596/2016
f 1858/2132 1856/2131 1835/2119
f 1861/2133 1856/2131 1858/2132
f 1855/2130 1858/2132 1785/2079
f 1785/2079 1858/2132 1525/1992
f 1858/2132 1835/2119 1533/1994
f 1513/2082 1237/1864 1777/2073
f 1777/2073 1312/1874 1775/2070
f 1858/2132 1533/1994 1525/1992
f 1312/1874 1777/2073 1238/1863
f 1526/1991 1785/2079 1525/1992
f 1238/1863 1777/2073 1237/1864
f 1526/1991 1781/2075 1785/2079
f 1560/2007 1602/2020 1621/2042
f 1870/2134 1869/2135 1868/2136
f 1872/2137 1869/2135 1871/2138
f 1870/2134 1873/2139 1871/2138
f 1869/2135 1870/2134 1871/2138
f 1875/2140 1563/2008 1874/2141
f 1877/2142 1876/2143 1870/2134
f 1870/2134 1876/2143 1873/2139
f 1563/2008 1875/2140 1552/2003
f 1886/2144 1885/2145 1876/2143
f 1881/2146 1879/2147 1887/2148
f 1888/2149 1873/2139 1876/2143
f 1563/2008 1428/1925 1874/2141
f 1885/2145 1888/2149 1876/2143
f 1887/2148 1889/2150 1881/2146
f 1871/2138 1873/2139 1890/2151
f 1873/2139 1888/2149 1892/2152
f 1892/2152 1879/2147 1891/2153
f 1873/2139 1892/2152 1893/2154
f 1892/2152 1888/2149 1887/2148
f 1890/2151 1873/2139 1893/2154
f 1892/2152 1887/2148 1879/2147
f 1888/2149 1894/2155 1887/2148
f 1890/2151 1896/2156 1895/2157
f 1892/2152 1891/2153 1893/2154
f 1895/2157 1896/2156 1897/2158
f 1890/2151 1899/2159 1896/2156
f 1899/2159 1890/2151 1893/2154
f 1896/2156 1899/2159 1901/2160
f 1901/2160 1897/2158 1896/2156
f 1902/2161 1898/2162 1897/2158
f 1904/2163 1901/2160 1903/2164
f 1901/2160 1808/2090 1902/2161
f 1893/2154 1903/2164 1899/2159
f 1908/2165 1907/2166 1906/2167
f 1903/2164 1901/2160 1899/2159
f 1902/2161 1897/2158 1901/2160
f 1632/2168 1908/2165 1906/2167
f 1907/2166 1908/2165 1910/2169
f 1910/2169 1904/2163 1903/2164
f 1903/2164 1893/2154 1907/2166
f 1903/2164 1907/2166 1910/2169
f 1434/1927 1949/2170 1433/1928
f 1885/2145 1886/2144 1967/2171
f 1967/2171 1964/2172 1981/2173
f 1975/2174 1874/2141 1974/2175
f 1460/1950 1974/2175 1427/1926
f 1460/1950 1459/1951 1974/2175
f 1981/2173 1964/2172 1979/2176
f 1974/2175 1874/2141 1427/1926
f 1428/1925 1427/1926 1874/2141
f 1984/2177 1983/2178 1982/2179
f 1979/2176 1478/1972 1477/1974
f 1982/2179 1985/2180 1618/2039
f 1618/2039 1984/2177 1982/2179
f 1987/2181 1986/2182 1982/2179
f 1990/2183 1989/2184 1988/2185
f 1993/2186 1992/2187 1991/2188
f 1982/2179 1992/2187 1993/2186
f 1995/2189 1994/2190 1984/2177
f 1993/2186 1991/2188 1988/2185
f 1984/2177 1994/2190 1983/2178
f 1987/2181 1982/2179 1993/2186
f 1996/2191 1992/2192 1994/2193
f 1988/2185 1989/2184 1993/2186
f 1983/2178 1994/2190 1992/2187
f 1982/2179 1983/2178 1992/2187
f 1986/2182 1985/2180 1982/2179
f 1999/2194 1998/2195 1997/2196
f 1991/2197 2000/2198 1999/2194
f 1987/2181 1993/2186 1989/2184
f 2002/2199 2001/2200 1989/2184
f 2004/2201 1799/2085 2003/2202
f 1990/2183 1997/2196 2002/2199
f 2002/2199 1989/2184 1990/2183
f 1992/2192 1996/2191 2000/2198
f 1997/2196 1998/2195 2002/2199
f 1986/2182 2007/2203 2006/2204
f 1991/2197 1992/2192 2000/2198
f 1985/2180 1986/2182 2006/2204
f 1805/2089 2008/2205 1998/2195
f 1799/2085 2004/2201 1801/2083
f 1998/2195 2000/2198 1805/2089
f 2001/2200 1986/2182 1987/2181
f 2001/2200 1987/2181 1989/2184
f 1799/2085 1805/2089 2003/2202
f 1996/2191 2003/2202 1805/2089
f 2000/2198 1998/2195 1999/2194
f 2002/2199 1998/2195 2008/2205
f 2001/2200 2007/2203 1986/2182
f 1805/2089 2000/2198 1996/2191
f 2011/2206 2010/2207 2009/2208
f 2006/2204 2007/2203 2012/2209
f 2001/2200 2008/2205 2013/2210
f 1805/2089 1809/2093 2008/2205
f 2008/2205 2001/2200 2002/2199
f 2011/2206 2009/2208 2014/2211
f 2011/2206 2014/2211 2015/2212
f 2008/2205 1809/2093 1811/2096
f 1809/2093 1813/2098 1814/2097
f 2017/2213 2007/2203 2016/2214
f 2007/2203 2017/2213 2012/2209
f 2013/2210 2016/2214 2007/2203
f 2001/2200 2013/2210 2007/2203
f 2015/2212 2012/2209 2011/2206
f 2016/2214 2013/2210 2020/2215
f 2021/2216 2017/2213 2016/2214
f 2017/2213 2021/2216 2009/2208
f 2022/2217 2019/2218 2009/2208
f 2016/2214 2020/2215 2021/2216
f 2020/2215 2013/2210 1811/2096
f 2019/2218 2014/2211 2009/2208
f 2023/2219 2017/2213 2009/2208
f 2021/2216 2020/2215 2024/2220
f 2025/2221 2020/2215 1830/2114
f 2023/2219 2012/2209 2017/2213
f 2012/2209 2023/2219 2011/2206
f 1811/2096 2013/2210 2008/2205
f 2024/2220 2035/2222 2022/2217
f 2045/2223 2044/2224 2010/2225
f 2046/2226 2010/2225 2011/2227
f 2046/2226 2048/2228 2047/2229
f 1830/2114 2020/2215 1811/2096
f 2010/2225 2044/2224 2041/2230
f 2010/2225 2046/2226 2045/2223
f 2046/2226 2011/2227 2023/2231
f 2023/2219 2009/2208 2010/2207
f 2046/2226 2023/2231 2048/2228
f 2041/2232 2023/2233 2010/2234
f 2024/2220 2020/2215 2025/2221
f 2045/2223 2046/2226 2047/2229
f 2051/2235 2023/2233 2041/2232
f 2022/2217 2009/2208 2024/2220
f 2009/2208 2021/2216 2024/2220
f 2023/2233 2051/2235 2052/2236
f 2023/2233 2054/2237 2048/2238
f 2052/2236 2051/2235 2055/2239
f 2054/2237 2023/2233 2052/2236
f 2062/2240 2061/2241 2047/2229
f 2052/2236 2055/2239 2063/2242
f 2052/2236 2067/2243 2054/2237
f 2047/2229 2048/2228 2062/2240
f 2067/2243 2052/2236 2063/2242
f 2054/2237 2067/2243 2069/2244
f 1811/2096 1823/2106 1830/2114
f 2065/2245 2035/2222 2024/2220
f 2074/2246 2073/2247 2072/2248
f 2075/2249 2062/2250 2048/2238
f 2075/2249 2048/2238 2054/2237
f 2075/2249 2077/2251 2062/2250
f 1825/2109 2025/2221 1830/2114
f 2077/2252 2061/2241 2062/2240
f 2024/2220 2025/2221 2065/2245
f 2025/2221 1825/2109 2065/2245
f 2076/2253 2079/2254 2078/2255
f 2078/2255 2079/2254 2069/2244
f 2067/2243 2078/2255 2069/2244
f 2054/2237 2069/2244 2075/2249
f 2079/2254 1844/2122 1847/2124
f 2069/2244 1847/2124 2080/2256
f 2075/2249 2080/2256 2081/2257
f 1847/2124 2069/2244 2079/2254
f 1844/2122 2079/2254 1842/2127
f 2080/2256 2075/2249 2069/2244
f 2079/2254 2076/2253 1842/2127
f 1848/2123 1852/2128 2080/2256
f 2082/2258 1312/1874 1313/1873
f 1775/2070 1312/1874 2082/2258
f 2083/2259 2082/2258 1313/1873
f 1847/2124 1848/2123 2080/2256
f 2080/2256 1852/2128 1767/2067
f 1869/2135 2105/2260 1868/2136
f 1552/2003 2111/2261 1551/2004
f 1868/2136 1877/2142 1870/2134
f 1875/2140 2107/2262 2109/2263
f 1877/2142 1868/2136 1952/2264
f 1952/2264 1876/2143 1877/2142
f 1875/2140 2111/2261 1552/2003
f 2111/2261 1875/2140 2109/2263
f 1874/2141 2107/2262 1875/2140
f 2107/2262 1874/2141 1975/2174
f 1952/2264 1886/2144 1876/2143
f 879/1531 2112/2265 1226/1857
f 2115/2266 2114/2267 2113/2268
f 879/1531 955/1612 2112/2265
f 956/1611 961/1619 955/1612
f 2113/2268 909/1561 896/1550
f 909/1561 2113/2268 957/2269
f 957/2269 2113/2268 2114/2267
f 1475/1969 1146/1823 1373/1891
f 1475/1969 814/1466 1146/1823
f 565/1375 813/1467 1475/1969
f 814/1466 815/1465 1148/1821
f 814/1466 1475/1969 813/1467
f 1146/1823 814/1466 1148/1821
f 564/1376 565/1375 1471/1965
f 857/1509 1470/1966 1469/1964
f 564/1376 1471/1965 857/1509
f 1469/1964 860/1512 857/1509
f 1467/1962 891/1543 1468/1963
f 860/1512 1469/1964 1468/1963
f 897/1549 891/1543 1466/1960
f 1467/1962 1466/1960 891/1543
f 891/1543 860/1512 1468/1963
f 899/1551 891/1543 897/1549
f 2124/2270 1631/2052 411/1260
f 2124/2270 411/1260 396/1245
f 1592/2271 1622/2041 1626/2048
f 1592/2271 1567/2010 1622/2041
f 396/1245 411/1260 405/1254
f 1626/2048 1622/2041 1627/2046
f 1622/2041 1567/2010 1562/2005
f 1560/2007 1606/2025 1602/2020
f 1600/2022 1819/2104 1621/2042
f 1819/2104 1808/2090 2126/2272
f 1596/2016 1536/1997 1533/1994
f 1622/2041 2127/2273 1627/2046
f 1627/2046 1908/2165 1603/2047
f 1904/2163 1627/2046 2127/2273
f 2127/2273 1901/2160 1904/2163
f 2127/2273 2126/2272 1901/2160
f 2126/2272 1808/2090 1901/2160
f 1621/2042 2126/2272 2127/2273
f 1632/2168 1603/2047 1908/2165
f 1621/2042 1602/2020 1600/2022
f 403/1252 2129/2274 2128/2275
f 403/1252 2128/2275 1357/1882
f 396/1245 2130/2276 2124/2270
f 1366/1888 1359/1887 2131/2277
f 1357/1882 1366/1888 2131/2277
f 1357/1882 391/1238 403/1252
f 1357/1882 2131/2277 391/1238
f 391/1238 393/1242 403/1252
f 2130/2276 394/1243 1359/1887
f 1622/2041 1621/2042 2127/2273
f 394/1243 2130/2276 396/1245
f 394/1243 396/1245 390/1239
f 2131/2277 394/1243 391/1238
f 394/1243 2131/2277 1359/1887
f 2126/2272 1621/2042 1819/2104
f 1908/2165 1627/2046 1904/2163
f 1908/2165 1904/2163 1910/2169
f 2113/2268 1465/1961 2115/2266
f 2115/2266 2118/2278 2114/2267
f 2118/2278 2115/2266 2144/2279
f 1226/1857 2112/2265 2143/2280
f 2147/2281 2146/2282 2145/2283
f 2143/2280 2142/2284 1225/1858
f 1226/1857 2143/2280 1225/1858
f 1949/2170 2148/2285 2144/2279
f 1225/1858 2142/2284 1228/1860
f 2155/2286 2152/2287 1636/2056
f 2158/2288 2155/2286 2157/2289
f 2158/2288 2152/2287 2155/2286
f 1359/1887 2159/2290 2130/2276
f 2159/2290 2124/2270 2130/2276
f 2152/2287 2158/2288 2154/2291
f 2159/2290 1359/1887 1360/1886
f 2166/2292 2124/2270 2159/2290
f 2169/2293 2168/2294 2167/2295
f 2170/2296 2159/2290 1360/1886
f 2167/2295 2158/2288 2169/2293
f 2159/2290 2171/2297 2166/2292
f 2159/2290 2170/2296 2172/2298
f 2172/2298 2171/2297 2159/2290
f 2171/2297 2174/2299 2168/2294
f 2154/2291 2167/2295 2163/2300
f 1356/1883 1357/1882 2175/2301
f 2174/2299 2171/2297 2172/2298
f 2168/2294 2174/2299 2167/2295
f 2175/2301 1357/1882 2128/2275
f 2157/2302 2178/2303 2177/2304
f 2181/2305 2163/2300 2167/2295
f 2167/2295 2154/2291 2158/2288
f 2183/2306 2178/2303 2182/2307
f 2155/2286 1636/2056 2184/2308
f 1633/2053 2124/2270 2184/2308
f 1634/2055 2178/2303 2186/2309
f 1634/2055 2182/2307 2178/2303
f 1635/2054 2182/2307 1634/2055
f 2129/2274 403/1252 401/1251
f 1636/2056 1633/2053 2184/2308
f 2186/2310 2155/2286 2184/2308
f 2178/2311 2157/2289 2155/2286
f 2124/2270 1633/2053 1631/2052
f 1396/1907 2129/2274 401/1251
f 2158/2288 2157/2289 2169/2293
f 2166/2292 2188/2312 2184/2308
f 2170/2296 2189/2313 2172/2298
f 2186/2310 2184/2308 2188/2312
f 1630/2051 1633/2053 1634/2055
f 2183/2306 2190/2314 2178/2303
f 1630/2051 1634/2055 2191/2315
f 2188/2312 2169/2293 2157/2289
f 2186/2310 2178/2311 2155/2286
f 2166/2292 2168/2294 2169/2293
f 2124/2270 2166/2292 2184/2308
f 2166/2292 2169/2293 2188/2312
f 2168/2294 2166/2292 2171/2297
f 2175/2301 2193/2316 2192/2317
f 2191/2315 1634/2055 2186/2309
f 2177/2304 2178/2303 2190/2314
f 2186/2309 2188/2318 2191/2315
f 2128/2275 2193/2316 2175/2301
f 2193/2316 2128/2275 2129/2274
f 2188/2318 2157/2302 2177/2304
f 2172/2298 2189/2313 2195/2319
f 2197/2320 2190/2314 2185/2321
f 2198/2322 2188/2318 2177/2304
f 2190/2314 2197/2320 2177/2304
f 2192/2317 2193/2316 2199/2323
f 2197/2320 2200/2324 2177/2304
f 2201/2325 2181/2305 2167/2295
f 2174/2299 2172/2298 2202/2326
f 2196/2327 2197/2320 2185/2321
f 2196/2327 2203/2328 2197/2320
f 2167/2295 2174/2299 2201/2325
f 2177/2304 2204/2329 2198/2322
f 2174/2299 2202/2326 2201/2325
f 2188/2318 2198/2322 2191/2315
f 2206/2330 2197/2320 2203/2328
f 1629/2050 2198/2322 1620/2040
f 2201/2325 2207/2331 2181/2305
f 2172/2298 2195/2319 2202/2326
f 2200/2324 2197/2320 2206/2330
f 1629/2050 2191/2315 2198/2322
f 2191/2315 1629/2050 1630/2051
f 2205/2332 2208/2333 2203/2334
f 2209/2335 2200/2324 2206/2330
f 2210/2336 1620/2040 2198/2322
f 2210/2336 2198/2322 2204/2329
f 2209/2337 2212/2338 2211/2339
f 2203/2334 2208/2333 2212/2338
f 2200/2324 2213/2340 2204/2329
f 2206/2330 2203/2328 2209/2335
f 2213/2340 2214/2341 2204/2329
f 2210/2336 2214/2341 1995/2189
f 2200/2324 2204/2329 2177/2304
f 2210/2336 1618/2039 1620/2040
f 2209/2335 2215/2342 2200/2324
f 1994/2190 1995/2189 1991/2188
f 2210/2336 2204/2329 2214/2341
f 2217/2343 2215/2342 2216/2344
f 1999/2345 2218/2346 1991/2347
f 1618/2039 2210/2336 1984/2177
f 1988/2185 1995/2189 2214/2341
f 1984/2177 2210/2336 1995/2189
f 2214/2341 2213/2340 2215/2342
f 2215/2342 2213/2340 2200/2324
f 2214/2341 2215/2342 1990/2183
f 2215/2342 2209/2335 2216/2344
f 2203/2334 2212/2338 2209/2337
f 1988/2185 1991/2188 1995/2189
f 1990/2183 1988/2185 2214/2341
f 2218/2346 2005/2348 1991/2347
f 2005/2348 1996/2191 1994/2193
f 1991/2347 2005/2348 1994/2193
f 2004/2201 2005/2348 2218/2346
f 2216/2349 2219/2350 2217/2351
f 2217/2351 2218/2346 1999/2345
f 1997/2196 1990/2183 2215/2342
f 2219/2350 2004/2201 2218/2346
f 2219/2350 2218/2346 2217/2351
f 1997/2196 2215/2342 2217/2343
f 2217/2343 1999/2194 1997/2196
f 2219/2350 2216/2349 2211/2339
f 2004/2201 2219/2350 1801/2083
f 2228/2352 1727/2353 2223/2354
f 1360/1886 1367/1890 2164/2355
f 1356/1883 1363/2356 1355/1884
f 1365/1889 1360/1886 1361/1885
f 2226/2357 2189/2313 2164/2355
f 1356/1883 2223/2354 1363/2356
f 2228/2352 2223/2354 1356/1883
f 2230/2358 1727/2353 2228/2352
f 1360/1886 2164/2355 2170/2296
f 2230/2358 2228/2352 2192/2317
f 2189/2313 2170/2296 2164/2355
f 1356/1883 2175/2301 2228/2352
f 2192/2317 2231/2359 2230/2358
f 2175/2301 2192/2317 2228/2352
f 2238/2360 2189/2313 2226/2357
f 2199/2323 2231/2359 2192/2317
f 1433/1928 2115/2266 1465/1961
f 2144/2279 2115/2266 1949/2170
f 1520/1984 1512/1978 1513/1977
f 1524/1989 2253/2361 1526/1991
f 1513/1977 1440/1937 1237/1939
f 2115/2266 1433/1928 1949/2170
f 2255/2362 1526/1991 2253/2361
f 2253/2361 1524/1989 1235/1985
f 1524/1989 1521/1986 1235/1985
f 1520/1984 2256/2363 1438/1934
f 1544/2014 1522/1987 1518/1982
f 1434/1927 1438/1934 2256/2363
f 2255/2362 1787/2081 1526/1991
f 1949/2170 1434/1927 2256/2363
f 2148/2285 1949/2170 2256/2363
f 1593/2019 2307/2364 2306/2365
f 2307/2364 1597/2017 1588/2013
f 1589/2012 2309/2366 1588/2013
f 2310/2367 1589/2012 823/1475
f 1597/2017 2307/2364 1593/2019
f 1589/2012 1132/1807 823/1475
f 2311/2368 2306/2365 2307/2364
f 2307/2364 1588/2013 2312/2369
f 2310/2367 823/1475 819/1469
f 2314/2370 819/1469 817/1471
f 2312/2369 2311/2368 2307/2364
f 1589/2012 2310/2367 2309/2366
f 2306/2365 2311/2368 2315/2371
f 2312/2369 1588/2013 2309/2366
f 819/1469 2309/2366 2310/2367
f 2315/2371 2311/2368 2312/2369
f 2309/2366 819/1469 2314/2370
f 2309/2366 830/1482 2312/2369
f 830/1482 2318/2372 2312/2369
f 2314/2370 817/1471 830/1482
f 2312/2369 2318/2372 2315/2371
f 856/1508 2318/2372 830/1482
f 2314/2370 830/1482 2309/2366
f 864/1517 2318/2372 856/1508
f 864/1517 873/1525 2321/2373
f 879/1531 2321/2373 873/1525
f 1465/1961 2113/2268 897/1549
f 879/1531 1226/1857 2321/2373
f 896/1550 897/1549 2113/2268
f 2083/2259 1755/2060 1760/2064
f 1750/2058 2061/2241 2077/2252
f 2077/2252 1749/2059 1750/2058
f 1755/2060 2083/2259 2324/2374
f 2325/2375 2077/2251 2075/2249
f 1760/2064 2327/2376 2083/2259
f 1313/1873 2324/2374 2083/2259
f 2081/2257 2325/2375 2075/2249
f 2083/2259 2327/2376 2082/2258
f 2325/2375 2081/2257 2330/2377
f 2081/2257 1767/2067 1771/2069
f 1771/2069 2330/2377 2081/2257
f 1774/2071 2082/2258 2327/2376
f 1774/2071 1775/2070 2082/2258
f 1767/2067 2081/2257 2080/2256
f 2334/2378 2194/2379 2207/2331
f 2181/2305 2207/2331 2194/2379
f 2201/2325 2202/2326 2207/2331
f 2336/2380 2207/2331 2202/2326
f 2238/2360 2337/2381 2195/2319
f 2334/2378 2338/2382 2335/2383
f 2195/2319 2337/2381 2339/2384
f 2339/2384 2340/2385 2336/2380
f 2195/2319 2339/2384 2336/2380
f 2195/2319 2336/2380 2202/2326
f 2334/2378 2207/2331 2341/2386
f 2342/2387 2340/2385 2339/2384
f 1551/2004 2193/2316 2343/2388
f 2344/2389 2208/2333 1746/2390
f 1551/2004 2199/2323 2193/2316
f 2208/2333 2205/2332 1746/2390
f 2208/2333 2347/2391 2346/2392
f 2340/2385 2341/2386 2336/2380
f 2207/2331 2336/2380 2341/2386
f 2208/2333 2344/2389 2347/2391
f 2340/2385 2342/2387 1872/2393
f 2337/2381 2342/2387 2339/2384
f 2349/2394 2342/2387 2337/2381
f 2341/2386 2338/2382 2334/2378
f 2342/2387 1869/2395 1872/2393
f 2208/2333 2346/2392 2212/2338
f 1872/2393 2338/2382 2340/2385
f 2347/2391 2351/2396 2353/2397
f 2338/2382 1872/2393 2354/2398
f 2356/2399 2212/2338 2346/2392
f 2346/2392 2347/2391 2356/2399
f 2354/2400 2357/2401 2355/2402
f 2344/2389 2351/2396 2347/2391
f 2354/2398 2335/2383 2338/2382
f 2341/2386 2340/2385 2338/2382
f 2211/2339 2216/2349 2209/2337
f 2354/2400 1872/2137 2357/2401
f 2347/2391 2353/2397 2358/2403
f 2356/2399 2347/2391 2358/2403
f 1872/2137 1871/2138 2357/2401
f 1807/2091 2356/2399 2358/2403
f 2360/2404 2359/2405 1806/2092
f 1900/2406 2358/2403 2357/2401
f 1900/2406 2357/2401 1895/2157
f 2355/2402 2353/2397 2351/2396
f 1806/2092 1807/2091 2360/2404
f 2353/2397 2357/2401 2358/2403
f 1804/2087 2211/2339 1807/2091
f 2357/2401 2353/2397 2355/2402
f 2359/2405 2358/2403 1900/2406
f 1871/2138 1890/2151 1895/2157
f 2357/2401 1871/2138 1895/2157
f 2211/2339 1804/2087 1810/2094
f 1807/2091 2211/2339 2356/2399
f 2356/2399 2211/2339 2212/2338
f 1810/2094 1800/2084 1801/2083
f 1810/2094 1801/2083 2219/2350
f 2219/2350 2211/2339 1810/2094
f 2359/2405 2360/2404 2358/2403
f 2361/2407 1806/2092 2359/2405
f 2361/2407 1898/2162 1902/2161
f 1807/2091 2358/2403 2360/2404
f 2361/2407 2359/2405 1898/2162
f 2364/2408 2363/2409 2362/2410
f 2361/2407 1808/2090 1806/2092
f 2361/2407 1902/2161 1808/2090
f 2364/2408 2362/2410 2193/2316
f 2343/2388 2193/2316 2362/2410
f 1553/2002 1551/2004 2343/2388
f 2362/2410 1553/2002 2343/2388
f 2363/2409 2365/2411 2362/2410
f 2363/2409 2366/2412 2365/2411
f 2365/2411 2366/2412 2367/2413
f 1546/2001 1553/2002 2362/2410
f 2362/2410 2365/2411 1538/1999
f 2365/2411 2367/2413 1538/1999
f 2362/2410 1538/1999 1546/2001
f 1546/2001 1538/1999 1424/1922
f 2368/2414 2146/2282 2367/2413
f 2367/2413 1534/1996 1538/1999
f 2367/2413 2146/2282 2369/2415
f 2370/2416 2146/2282 2147/2281
f 2369/2415 2146/2282 2371/2417
f 2367/2413 2369/2415 1534/1996
f 2136/2418 2370/2416 2147/2281
f 2372/2419 2369/2415 2371/2417
f 1534/1996 2369/2415 2372/2419
f 2371/2417 2373/2420 2372/2419
f 2371/2417 2146/2282 2370/2416
f 2374/2421 2371/2417 2370/2416
f 2374/2421 2370/2416 2375/2422
f 2375/2422 2370/2416 2136/2418
f 2376/2423 2374/2421 2375/2422
f 2373/2420 2371/2417 2374/2421
f 2377/2424 1517/1979 1534/1996
f 1534/1996 1517/1979 1516/1980
f 2377/2424 1534/1996 2372/2419
f 2377/2424 2372/2419 2373/2420
f 2377/2424 2373/2420 1517/1979
f 1464/1957 1509/1975 2373/2420
f 2374/2421 1464/1957 2373/2420
f 2373/2420 1509/1975 1517/1979
f 2374/2421 2376/2423 1463/1958
f 1464/1957 2374/2421 1463/1958
f 2379/2425 2384/2426 2383/2427
f 2379/2425 2380/2428 2384/2426
f 2386/2429 2383/2427 2384/2426
f 2383/2427 2386/2429 1409/1911
f 2383/2427 1390/1904 2379/2425
f 2383/2427 1385/1899 1390/1904
f 2387/2430 1409/1911 2386/2429
f 1385/1899 2383/2427 1409/1911
f 1330/1880 1319/1876 1409/1911
f 1330/1880 2387/2430 2073/2247
f 2073/2247 2074/2246 1330/1880
f 2387/2430 1330/1880 1409/1911
f 2074/2246 2072/2248 2388/2431
f 1317/1875 1330/1880 2074/2246
f 2388/2431 1313/1873 2074/2246
f 1317/1875 2074/2246 1313/1873
f 1317/1875 1313/1873 1238/1863
f 2389/2432 472/1300 1625/2045
f 1625/2045 2390/2433 2389/2432
f 2390/2433 1625/2045 1623/2044
f 1616/2035 1619/2038 2390/2433
f 1623/2044 1616/2035 2390/2433
f 2389/2432 466/1295 472/1300
f 2390/2433 2391/2434 2389/2432
f 1619/2038 1618/2039 1985/2180
f 2390/2433 1985/2180 2391/2434
f 466/1295 1985/2180 467/1294
f 1619/2038 1985/2180 2390/2433
f 2006/2204 385/1235 467/1294
f 2392/2435 386/1234 385/1235
f 2389/2432 2391/2434 1985/2180
f 2392/2435 385/1235 2006/2204
f 1985/2180 466/1295 2389/2432
f 2012/2209 2015/2212 2044/2224
f 2006/2204 2012/2209 2392/2435
f 2392/2435 2012/2209 2047/2229
f 467/1294 1985/2180 2006/2204
f 381/1231 382/1230 386/1234
f 2047/2229 2061/2241 2392/2435
f 1750/2058 386/1234 2392/2435
f 2015/2212 2042/2436 2044/2224
f 2045/2223 2012/2209 2044/2224
f 2061/2241 1750/2058 2392/2435
f 381/1231 386/1234 1750/2058
f 2041/2230 2044/2224 2042/2436
f 380/1229 1313/1873 383/1233
f 2324/2374 380/1229 378/1225
f 2388/2431 2072/2248 383/1233
f 2047/2229 2012/2209 2045/2223
f 379/1228 1751/2057 378/1225
f 381/1231 1751/2057 379/1228
f 383/1233 1313/1873 2388/2431
f 381/1231 1750/2058 1751/2057
f 2324/2374 378/1225 1751/2057
f 2324/2374 1313/1873 380/1229
f 1755/2060 2324/2374 1751/2057
f 2349/2394 2238/2360 2402/2437
f 2349/2394 2402/2437 2105/2438
f 2337/2381 2238/2360 2349/2394
f 2189/2313 2238/2360 2195/2319
f 2109/2263 2231/2359 2199/2323
f 2111/2261 2109/2263 2199/2323
f 1551/2004 2111/2261 2199/2323
f 2342/2387 2349/2394 1869/2395
f 1869/2395 2349/2394 2105/2438
f 2380/2428 311/1218 312/1217
f 2384/2426 307/1215 2386/2429
f 2380/2428 312/1217 2384/2426
f 312/1217 307/1215 2384/2426
f 2386/2429 307/1215 308/1214
f 2405/2439 308/1214 303/1213
f 517/1334 2073/2247 2405/2439
f 2072/2248 517/1334 387/1236
f 2405/2439 2387/2430 2386/2429
f 303/1213 517/1334 2405/2439
f 2387/2430 2405/2439 2073/2247
f 2072/2248 387/1236 383/1233
f 517/1334 2072/2248 2073/2247
f 1881/2146 1889/2150 1968/2440
f 2408/2441 1889/2150 2407/2442
f 2409/2443 1894/2155 1885/2145
f 2408/2441 1968/2440 1889/2150
f 1967/2171 1981/2173 1885/2145
f 1888/2149 1885/2145 1894/2155
f 2407/2442 1894/2155 2409/2443
f 2411/2444 2410/2445 2407/2442
f 2407/2442 1889/2150 1894/2155
f 2410/2445 2408/2441 2407/2442
f 2410/2445 2411/2444 1978/2446
f 2415/2447 2409/2443 1885/2145
f 2416/2448 2409/2443 2415/2447
f 1978/2446 2411/2444 2417/2449
f 2411/2444 2407/2442 2416/2448
f 2409/2443 2416/2448 2407/2442
f 1981/2173 2415/2447 1885/2145
f 1980/2450 1978/2446 2417/2449
f 2414/2451 1980/2450 2417/2449
f 2386/2429 308/1214 2405/2439
f 2419/2452 2415/2447 1981/2173
f 2417/2449 2411/2444 2416/2448
f 1477/1974 1981/2173 1979/2176
f 2415/2447 2419/2452 2420/2453
f 2417/2449 2416/2448 2415/2447
f 1477/1974 1472/2034 1610/2029
f 1611/2028 2420/2453 2419/2452
f 1427/1926 1426/1924 1382/1898
f 1610/2029 2419/2452 1477/1974
f 1477/1974 2419/2452 1981/2173
f 2417/2449 2415/2447 2420/2453
f 2420/2453 2414/2451 2417/2449
f 2420/2453 1611/2028 2414/2451
f 1887/2148 1894/2155 1889/2150
f 2419/2452 1610/2029 1611/2028
f 1611/2028 1613/2031 2414/2451
f 1427/1926 1382/1898 1460/1950
f 1523/2454 2426/2455 2427/2456
f 1523/2454 2427/2456 1234/1862
f 1227/1856 2427/2456 2428/2457
f 1227/1856 1234/1862 2427/2456
f 2426/2455 2428/2457 2427/2456
f 2430/2458 2428/2457 2320/2459
f 2430/2458 2321/2373 1226/1857
f 1234/1862 1227/1856 1225/1858
f 2428/2457 2430/2458 1226/1857
f 2428/2457 1226/1857 1227/1856
f 2320/2459 2321/2373 2430/2458
f 1396/1907 2193/2316 2129/2274
f 1396/1907 2364/2408 2193/2316
f 2364/2408 1396/1907 1391/1905
f 2364/2408 1391/1905 2444/2460
f 2444/2460 2363/2409 2364/2408
f 1391/1905 2368/2414 2444/2460
f 2366/2412 2363/2409 2444/2460
f 2444/2460 2368/2414 2366/2412
f 1389/1903 2368/2414 1391/1905
f 2445/2461 2368/2414 1389/1903
f 2445/2461 1389/1903 1388/1901
f 2446/2462 2445/2461 1388/1901
f 2447/2463 2446/2462 437/1285
f 1386/1900 437/1285 2446/2462
f 2368/2414 2445/2461 2145/2283
f 2446/2462 2145/2283 2445/2461
f 2366/2412 2368/2414 2367/2413
f 437/1285 1383/2464 2447/2463
f 2447/2463 2145/2283 2446/2462
f 2446/2462 1388/1901 1386/1900
f 2135/2465 2136/2418 2147/2281
f 2448/2466 2447/2463 1383/2464
f 2145/2283 2146/2282 2368/2414
f 2147/2281 2145/2283 2447/2463
f 2147/2281 2447/2463 2135/2465
f 2448/2466 2135/2465 2447/2463
f 424/1273 401/1251 402/1250
f 685/1403 1130/1805 1125/1801
f 1125/1801 1130/1805 1127/1799
f 269/2467 268/2468 267/2469
f 277/2470 276/2471 275/2472
f 275/2473 276/2474 278/2475
f 267/2476 281/2477 280/2478
f 276/2471 277/2470 268/2479
f 281/2477 267/2476 268/2479
f 275/2472 283/2480 282/2481
f 280/2478 289/2482 285/2483
f 289/2482 280/2478 281/2477
f 289/2482 293/2484 285/2483
f 300/2485 299/2486 298/2487
f 298/2487 302/2488 301/2489
f 299/2486 305/2490 304/2491
f 306/2492 304/2491 305/2490
f 299/2486 300/2485 305/2490
f 313/2493 300/2485 298/2487
f 313/2493 316/2494 300/2485
f 313/2493 301/2489 317/2495
f 316/2494 318/2496 300/2485
f 313/2493 298/2487 301/2489
f 306/2492 305/2490 319/2497
f 321/2498 316/2494 320/2499
f 300/2485 318/2496 305/2490
f 305/2490 318/2496 319/2497
f 324/2500 323/2501 322/2502
f 316/2494 321/2498 325/2503
f 324/2504 306/2492 319/2497
f 326/2505 324/2500 322/2502
f 316/2494 327/2506 318/2496
f 328/2507 324/2504 319/2497
f 329/2508 319/2497 318/2496
f 329/2508 331/2509 330/2510
f 332/2511 329/2512 330/2513
f 325/2503 327/2506 316/2494
f 318/2496 327/2506 333/2514
f 335/2515 334/2516 319/2497
f 336/2517 335/2515 329/2508
f 334/2518 336/2519 329/2512
f 335/2520 330/2521 334/2522
f 330/2521 336/2523 334/2522
f 321/2498 338/2524 337/2525
f 341/2526 340/2527 339/2528
f 340/2527 333/2514 339/2528
f 332/2511 330/2513 340/2529
f 342/2530 340/2531 330/2521
f 340/2527 318/2496 333/2514
f 339/2528 333/2514 343/2532
f 324/2533 335/2520 338/2524
f 324/2533 330/2521 335/2520
f 329/2508 318/2496 340/2527
f 330/2521 331/2534 336/2523
f 331/2509 329/2508 340/2527
f 342/2530 331/2534 340/2531
f 330/2521 324/2533 328/2535
f 329/2512 332/2511 328/2536
f 319/2497 329/2508 335/2515
f 328/2507 319/2497 334/2516
f 334/2518 329/2512 328/2536
f 333/2514 344/2537 343/2532
f 327/2506 325/2503 344/2537
f 331/2534 346/2538 337/2525
f 331/2534 338/2524 336/2523
f 347/2539 343/2532 344/2537
f 338/2524 331/2534 337/2525
f 333/2514 327/2506 344/2537
f 339/2528 343/2532 348/2540
f 350/2541 343/2532 349/2542
f 351/2543 343/2532 350/2541
f 344/2537 352/2544 347/2539
f 337/2525 346/2538 353/2545
f 348/2540 341/2526 339/2528
f 347/2539 349/2542 343/2532
f 347/2539 352/2544 349/2542
f 352/2544 354/2546 349/2542
f 348/2547 355/2548 341/2549
f 351/2543 348/2540 343/2532
f 356/2550 351/2543 350/2541
f 351/2551 353/2545 348/2547
f 278/2475 276/2474 357/2552
f 358/2553 353/2545 351/2551
f 268/2468 357/2552 276/2474
f 357/2552 268/2468 311/2554
f 359/2555 349/2542 354/2546
f 360/2556 350/2541 359/2555
f 349/2542 359/2555 350/2541
f 269/2467 311/2554 268/2468
f 362/2557 354/2546 361/2558
f 356/2550 350/2541 360/2556
f 359/2555 354/2546 362/2557
f 351/2551 356/2559 358/2553
f 360/2556 363/2560 356/2550
f 364/2561 359/2555 362/2557
f 360/2556 359/2555 363/2560
f 367/2562 366/2563 365/2564
f 359/2555 364/2561 363/2560
f 358/2553 356/2559 364/2561
f 356/2559 363/2560 364/2561
f 369/2565 367/2562 368/2566
f 371/2567 369/2565 370/2568
f 371/2567 372/2569 368/2566
f 373/2570 368/2566 367/2562
f 361/2558 358/2553 364/2561
f 361/2558 364/2561 362/2557
f 358/2553 361/2558 337/2525
f 436/2571 277/2470 435/2572
f 434/2573 433/2574 436/2571
f 438/2575 434/2573 436/2571
f 373/2570 436/2571 435/2572
f 373/2570 438/2575 436/2571
f 371/2567 373/2570 435/2572
f 441/2576 440/2577 439/2578
f 441/2579 304/2491 306/2492
f 443/2580 442/2581 439/2578
f 443/2580 444/2582 442/2581
f 443/2580 445/2583 365/2564
f 446/2584 442/2581 444/2582
f 298/2487 299/2486 447/2585
f 439/2578 440/2577 445/2583
f 445/2583 443/2580 439/2578
f 439/2586 442/2581 448/2587
f 299/2486 304/2491 447/2585
f 441/2579 439/2586 448/2587
f 444/2582 302/2488 446/2584
f 302/2488 449/2588 446/2584
f 302/2488 447/2585 449/2588
f 448/2587 442/2581 446/2584
f 448/2587 304/2491 441/2579
f 448/2587 449/2588 304/2491
f 447/2585 304/2491 449/2588
f 449/2588 448/2587 446/2584
f 371/2567 368/2566 373/2570
f 283/2589 278/2475 450/2590
f 369/2565 371/2567 451/2591
f 283/2589 450/2590 372/2592
f 371/2567 370/2568 372/2569
f 450/2590 452/2593 368/2594
f 370/2568 369/2565 368/2566
f 452/2593 370/2595 368/2594
f 452/2593 372/2592 370/2595
f 368/2566 372/2569 450/2596
f 450/2590 278/2475 453/2597
f 452/2593 454/2598 326/2505
f 452/2593 455/2599 454/2598
f 455/2599 452/2593 450/2590
f 306/2600 454/2598 441/2576
f 366/2563 369/2565 456/2601
f 443/2580 366/2563 456/2601
f 455/2599 440/2577 454/2598
f 441/2576 454/2598 440/2577
f 453/2597 455/2599 450/2590
f 443/2580 365/2564 366/2563
f 457/2602 440/2577 455/2599
f 366/2563 367/2562 369/2565
f 306/2600 324/2500 326/2505
f 301/2489 302/2488 476/2603
f 456/2601 476/2603 443/2580
f 298/2487 447/2585 302/2488
f 444/2582 476/2603 302/2488
f 444/2582 443/2580 476/2603
f 306/2600 326/2505 454/2598
f 332/2511 326/2505 322/2502
f 332/2511 322/2502 328/2536
f 322/2604 369/2565 451/2591
f 326/2505 477/2605 452/2593
f 328/2535 322/2604 330/2521
f 372/2592 452/2593 283/2589
f 283/2589 452/2593 477/2605
f 332/2511 477/2605 326/2505
f 342/2530 322/2604 371/2567
f 342/2530 371/2567 478/2606
f 340/2529 341/2607 332/2511
f 332/2511 479/2608 477/2605
f 481/2609 283/2480 480/2610
f 278/2475 283/2589 275/2473
f 480/2611 283/2589 477/2605
f 341/2607 479/2608 332/2511
f 341/2607 482/2612 479/2608
f 484/2613 483/2614 282/2481
f 482/2612 341/2607 485/2615
f 342/2530 346/2538 331/2534
f 479/2608 486/2616 477/2605
f 482/2612 487/2617 486/2616
f 342/2530 489/2618 488/2619
f 342/2530 490/2620 489/2618
f 282/2481 478/2606 484/2613
f 479/2608 482/2612 486/2616
f 481/2609 480/2610 478/2606
f 482/2612 489/2621 487/2617
f 486/2622 488/2623 489/2624
f 480/2625 482/2612 491/2626
f 490/2627 480/2625 491/2626
f 482/2612 480/2625 489/2621
f 485/2628 341/2549 355/2548
f 489/2629 480/2611 486/2616
f 486/2616 480/2611 477/2605
f 488/2623 487/2630 490/2627
f 491/2626 488/2623 490/2627
f 485/2615 488/2623 491/2626
f 482/2612 485/2615 491/2626
f 283/2480 481/2609 282/2481
f 488/2619 485/2628 355/2548
f 478/2606 282/2481 481/2609
f 478/2606 480/2610 490/2620
f 488/2623 486/2622 487/2630
f 451/2591 371/2567 322/2604
f 322/2604 323/2631 369/2565
f 322/2604 342/2530 330/2521
f 484/2613 478/2606 371/2567
f 489/2618 490/2620 487/2632
f 342/2530 488/2619 346/2538
f 478/2606 490/2620 342/2530
f 289/2482 281/2477 293/2484
f 516/2633 281/2477 268/2479
f 293/2484 281/2477 516/2633
f 268/2479 436/2571 516/2633
f 516/2633 436/2571 433/2574
f 277/2470 483/2614 435/2572
f 282/2481 483/2614 275/2472
f 268/2479 277/2470 436/2571
f 435/2572 483/2614 484/2613
f 353/2545 346/2538 355/2548
f 483/2614 277/2470 275/2472
f 355/2548 348/2547 353/2545
f 435/2572 484/2613 371/2567
f 337/2525 353/2545 358/2553
f 346/2538 488/2619 355/2548
f 337/2525 361/2558 352/2544
f 337/2525 325/2503 321/2498
f 320/2499 338/2524 321/2498
f 354/2546 352/2544 361/2558
f 325/2503 352/2544 344/2537
f 325/2503 337/2525 352/2544
f 336/2523 338/2524 335/2520
f 317/2495 338/2524 320/2499
f 323/2631 324/2533 338/2524
f 317/2495 476/2603 323/2631
f 323/2631 338/2524 317/2495
f 456/2601 323/2631 476/2603
f 456/2601 369/2565 323/2631
f 476/2603 317/2495 301/2489
f 320/2499 313/2493 317/2495
f 316/2494 313/2493 320/2499
f 457/2602 1223/2634 1222/2635
f 1224/2636 1222/2635 1223/2634
f 1222/2635 1231/2637 1230/2638
f 457/2602 1222/2635 1230/2638
f 445/2583 457/2602 1230/2638
f 1233/2639 1231/2637 1232/2640
f 457/2602 445/2583 440/2577
f 457/2602 455/2599 1223/2634
f 1230/2638 365/2564 445/2583
f 1230/2638 1231/2637 365/2564
f 1223/2634 455/2599 1239/2641
f 453/2597 1239/2641 455/2599
f 1240/2642 1239/2641 453/2597
f 365/2564 1231/2637 367/2562
f 1233/2639 367/2562 1231/2637
f 1381/2643 1380/2644 1379/2645
f 1380/2644 1381/2643 1233/2639
f 1381/2643 1379/2645 1383/2646
f 1383/2646 1384/2647 1381/2643
f 367/2562 1233/2639 1381/2643
f 373/2570 1381/2643 1384/2647
f 437/2648 1384/2647 1383/2646
f 1384/2647 434/2573 438/2575
f 367/2562 1381/2643 373/2570
f 434/2573 1384/2647 437/2648
f 1395/2649 1394/2650 1393/2651
f 1393/2651 1394/2650 1350/2652
f 1411/2653 1393/2651 1410/2654
f 1350/2652 1394/2650 1390/2655
f 1393/2651 1411/2653 1395/2649
f 1420/2656 1395/2649 1411/2653
f 1422/2657 1411/2653 1410/2654
f 1411/2653 1422/2657 1420/2656
f 1420/2656 1443/2658 1395/2649
f 1420/2656 1449/2659 1448/2660
f 1443/2658 1394/2650 1395/2649
f 1448/2660 1449/2659 1451/2661
f 1448/2660 1452/2662 1420/2656
f 1455/2663 1454/2664 1450/2665
f 1450/2665 1454/2664 1446/2666
f 1446/2666 1458/2667 1453/2668
f 1454/2664 1458/2667 1446/2666
f 1453/2668 1458/2667 1462/2669
f 1453/2668 1462/2669 1350/2652
f 1462/2669 1393/2651 1350/2652
f 1393/2651 1462/2669 1463/2670
f 1463/2670 1410/2654 1393/2651
f 1232/2640 1728/2671 1233/2639
f 1728/2671 1232/2640 1729/2672
f 1233/2639 1728/2671 1380/2644
f 1231/2637 1937/2673 1232/2640
f 1231/2637 1224/2636 1937/2673
f 1231/2637 1222/2635 1224/2636
f 1937/2673 1938/2674 1232/2640
f 1223/2634 1937/2673 1224/2636
f 1223/2634 1939/2675 1938/2674
f 1223/2634 1938/2674 1937/2673
f 1940/2676 1729/2672 1232/2640
f 1938/2674 1940/2676 1232/2640
f 1452/2662 1940/2676 1938/2674
f 1452/2662 1941/2677 1940/2676
f 1940/2676 1941/2677 1729/2672
f 1729/2672 1941/2677 1448/2660
f 2136/2678 2135/2679 1451/2661
f 1729/2672 1451/2661 2135/2679
f 1449/2659 2375/2680 2136/2678
f 1451/2661 1449/2659 2136/2678
f 2376/2681 2375/2680 1422/2657
f 1422/2657 1449/2659 1420/2656
f 2375/2680 1449/2659 1422/2657
f 2376/2681 1410/2654 1463/2670
f 1422/2657 1410/2654 2376/2681
f 2380/2682 2379/2683 2378/2684
f 2378/2684 2382/2685 2381/2686
f 1939/2675 1239/2641 1240/2642
f 2382/2685 2378/2684 2385/2687
f 2385/2687 1939/2675 2382/2685
f 2382/2685 1939/2675 1240/2642
f 1239/2641 1939/2675 1223/2634
f 2378/2684 1443/2658 2385/2687
f 1443/2658 2378/2684 2379/2683
f 1452/2662 1938/2674 1939/2675
f 2385/2687 1452/2662 1939/2675
f 1448/2660 1451/2661 1729/2672
f 2385/2687 1443/2658 1420/2656
f 2385/2687 1420/2656 1452/2662
f 2379/2683 1390/2655 1394/2650
f 1443/2658 2379/2683 1394/2650
f 1448/2660 1941/2677 1452/2662
f 373/2570 1384/2647 438/2575
f 453/2597 278/2475 2381/2686
f 2381/2686 278/2475 357/2552
f 2380/2682 2381/2686 311/2554
f 311/2554 2381/2686 357/2552
f 2381/2686 1240/2642 453/2597
f 2382/2685 1240/2642 2381/2686
f 2378/2684 2381/2686 2380/2682
f 1380/2644 1728/2671 1379/2645
f 1379/2645 2448/2688 1383/2646
f 2448/2688 1379/2645 1729/2672
f 1729/2672 2135/2679 2448/2688
f 1728/2671 1729/2672 1379/2645
f 550/2689 549/2690 548/2691
f 553/2692 552/2693 551/2694
f 553/2692 551/2694 554/2695
f 556/2696 549/2690 555/2697
f 551/2694 557/2698 554/2695
f 572/2699 571/2700 570/2701
f 570/2701 574/2702 573/2703
f 574/2702 570/2701 575/2704
f 576/2705 572/2699 570/2701
f 572/2699 576/2705 557/2698
f 579/2706 578/2707 577/2708
f 577/2708 580/2709 579/2706
f 580/2709 581/2710 579/2706
f 584/2711 583/2712 582/2713
f 586/2714 585/2715 578/2707
f 583/2712 579/2706 582/2713
f 582/2713 579/2706 581/2710
f 581/2710 587/2716 582/2713
f 589/2717 582/2713 588/2718
f 586/2714 578/2707 590/2719
f 591/2720 580/2709 577/2708
f 591/2720 592/2721 580/2709
f 588/2718 582/2713 587/2716
f 583/2712 590/2719 579/2706
f 589/2717 584/2711 582/2713
f 585/2715 586/2714 593/2722
f 584/2711 594/2723 583/2712
f 588/2718 587/2716 595/2724
f 596/2725 585/2715 593/2722
f 594/2723 584/2711 589/2717
f 578/2707 579/2706 590/2719
f 591/2720 593/2726 592/2721
f 590/2719 593/2722 586/2714
f 590/2719 583/2712 597/2727
f 588/2718 598/2728 589/2717
f 583/2712 594/2723 599/2729
f 592/2721 600/2730 580/2709
f 601/2731 593/2722 590/2719
f 570/2701 602/2732 576/2705
f 602/2732 570/2701 573/2703
f 581/2710 580/2709 587/2716
f 590/2719 597/2727 601/2731
f 603/2733 580/2709 600/2730
f 588/2718 604/2734 598/2728
f 587/2716 605/2735 595/2724
f 580/2709 605/2735 587/2716
f 606/2736 594/2723 589/2717
f 580/2709 603/2733 605/2735
f 607/2737 605/2735 603/2733
f 594/2723 609/2738 608/2739
f 594/2723 606/2736 609/2738
f 606/2736 589/2717 598/2728
f 610/2740 602/2732 573/2703
f 612/2741 611/2742 601/2743
f 613/2744 609/2738 606/2736
f 606/2736 598/2728 613/2744
f 595/2724 604/2734 588/2718
f 597/2727 612/2745 601/2731
f 595/2724 614/2746 604/2734
f 614/2746 595/2724 605/2735
f 616/2747 602/2732 615/2748
f 617/2749 613/2744 598/2728
f 618/2750 609/2738 613/2744
f 617/2749 618/2750 613/2744
f 622/2751 614/2746 605/2735
f 615/2748 602/2732 610/2740
f 623/2752 554/2695 576/2705
f 614/2746 624/2753 604/2734
f 622/2751 605/2735 607/2737
f 625/2754 608/2739 609/2738
f 604/2734 626/2755 598/2728
f 608/2739 599/2729 594/2723
f 624/2753 614/2746 622/2751
f 626/2755 627/2756 598/2728
f 609/2738 618/2750 625/2754
f 626/2755 604/2734 628/2757
f 552/2693 553/2692 629/2758
f 597/2727 630/2759 612/2745
f 574/2702 631/2760 573/2703
f 583/2712 599/2729 597/2727
f 598/2728 627/2756 617/2749
f 557/2698 617/2749 572/2699
f 576/2705 554/2695 557/2698
f 628/2757 604/2734 624/2753
f 599/2729 630/2759 597/2727
f 627/2756 626/2755 635/2761
f 608/2739 625/2754 637/2762
f 623/2752 576/2705 602/2732
f 639/2763 548/2691 638/2764
f 629/2758 559/2765 552/2693
f 615/2748 640/2766 616/2747
f 617/2749 627/2756 572/2699
f 612/2745 630/2759 641/2767
f 608/2739 630/2759 599/2729
f 623/2752 616/2747 642/2768
f 628/2757 635/2761 626/2755
f 571/2700 572/2699 627/2756
f 624/2753 643/2769 628/2757
f 624/2753 622/2751 643/2769
f 627/2756 635/2761 571/2700
f 641/2767 630/2759 644/2770
f 628/2757 643/2769 635/2761
f 623/2752 602/2732 616/2747
f 630/2759 608/2739 645/2771
f 554/2695 623/2752 642/2768
f 645/2771 644/2770 630/2759
f 571/2700 635/2761 575/2704
f 635/2761 646/2772 575/2704
f 635/2761 643/2769 646/2772
f 625/2754 647/2773 637/2762
f 648/2774 645/2771 637/2762
f 650/2775 645/2771 649/2776
f 637/2762 647/2773 651/2777
f 645/2771 648/2774 649/2776
f 608/2739 637/2762 645/2771
f 637/2762 651/2777 648/2774
f 618/2750 656/2778 625/2754
f 617/2749 656/2778 618/2750
f 657/2779 548/2691 656/2778
f 575/2704 570/2701 571/2700
f 617/2749 659/2780 656/2778
f 557/2698 659/2780 617/2749
f 657/2779 557/2698 551/2694
f 659/2780 657/2779 656/2778
f 548/2691 657/2779 550/2689
f 662/2781 551/2694 552/2693
f 662/2781 549/2690 551/2694
f 548/2691 639/2763 656/2778
f 555/2697 549/2690 662/2781
f 657/2779 551/2694 550/2689
f 659/2780 557/2698 657/2779
f 550/2689 551/2694 549/2690
f 591/2720 577/2708 585/2715
f 591/2720 585/2715 596/2725
f 665/2782 664/2783 663/2784
f 585/2715 577/2708 578/2707
f 667/2785 666/2786 664/2783
f 670/2787 669/2788 668/2789
f 670/2787 665/2782 671/2790
f 671/2790 663/2784 672/2791
f 672/2791 650/2792 671/2790
f 666/2786 663/2784 664/2783
f 650/2792 669/2788 670/2787
f 665/2782 663/2784 671/2790
f 674/2793 673/2794 666/2786
f 670/2787 671/2790 650/2792
f 646/2772 643/2769 674/2793
f 649/2776 669/2795 650/2775
f 675/2796 672/2791 663/2784
f 672/2791 641/2797 650/2792
f 674/2793 643/2769 673/2794
f 666/2786 676/2798 663/2784
f 666/2786 673/2794 676/2798
f 672/2791 675/2796 641/2797
f 676/2798 677/2799 663/2784
f 678/2800 675/2796 677/2799
f 663/2784 677/2799 675/2796
f 645/2771 650/2775 644/2770
f 650/2775 641/2767 644/2770
f 678/2800 611/2742 675/2796
f 673/2794 643/2769 622/2751
f 675/2796 611/2742 641/2797
f 678/2800 677/2799 676/2798
f 641/2797 611/2742 612/2741
f 673/2794 622/2751 676/2798
f 607/2737 676/2798 622/2751
f 607/2737 678/2800 676/2798
f 603/2733 611/2742 678/2800
f 603/2733 678/2800 607/2737
f 600/2730 592/2721 601/2743
f 596/2725 593/2726 591/2720
f 593/2726 601/2743 592/2721
f 600/2730 601/2743 603/2733
f 601/2743 611/2742 603/2733
f 697/2801 705/2802 704/2803
f 699/2804 705/2802 697/2801
f 699/2804 710/2805 709/2806
f 704/2803 705/2802 708/2807
f 709/2806 705/2802 699/2804
f 714/2808 708/2807 705/2802
f 709/2806 718/2809 705/2802
f 718/2809 714/2808 705/2802
f 723/2810 709/2806 710/2805
f 710/2805 724/2811 723/2810
f 723/2810 726/2812 725/2813
f 727/2814 707/2815 708/2807
f 725/2813 718/2809 709/2806
f 726/2812 723/2810 724/2811
f 725/2813 709/2806 723/2810
f 729/2816 724/2811 710/2805
f 708/2807 714/2808 730/2817
f 727/2814 728/2818 707/2815
f 728/2818 727/2814 730/2817
f 708/2807 730/2817 727/2814
f 714/2808 718/2809 725/2813
f 730/2817 741/2819 728/2818
f 726/2812 724/2811 742/2820
f 714/2808 743/2821 741/2819
f 741/2819 730/2817 714/2808
f 745/2822 737/2823 728/2818
f 725/2813 743/2821 714/2808
f 745/2822 728/2818 741/2819
f 729/2816 710/2805 717/2824
f 747/2825 748/2826 717/2824
f 747/2825 749/2827 748/2826
f 717/2824 748/2826 729/2816
f 729/2816 748/2826 755/2828
f 726/2812 756/2829 725/2813
f 667/2785 726/2812 742/2820
f 757/2830 755/2828 748/2826
f 749/2827 759/2831 748/2826
f 725/2813 756/2829 743/2821
f 760/2832 742/2820 724/2811
f 664/2783 726/2812 667/2785
f 756/2829 726/2812 664/2783
f 743/2821 761/2833 741/2819
f 763/2834 762/2835 729/2816
f 756/2829 761/2833 743/2821
f 764/2836 741/2819 761/2833
f 765/2837 724/2811 729/2816
f 729/2816 755/2828 763/2834
f 765/2837 729/2816 762/2835
f 768/2838 767/2839 766/2840
f 745/2841 764/2842 769/2843
f 741/2819 764/2836 745/2822
f 757/2830 770/2844 755/2828
f 745/2841 771/2845 754/2846
f 772/2847 762/2835 763/2834
f 765/2837 760/2832 724/2811
f 766/2840 767/2839 773/2848
f 768/2838 774/2849 767/2839
f 752/2850 749/2827 747/2825
f 752/2850 758/2851 775/2852
f 757/2830 759/2831 776/2853
f 757/2830 748/2826 759/2831
f 757/2830 776/2853 777/2854
f 756/2829 664/2783 761/2833
f 749/2827 752/2850 778/2855
f 749/2827 776/2853 759/2831
f 775/2852 778/2855 752/2850
f 779/2856 667/2785 742/2820
f 782/2857 781/2858 780/2859
f 783/2860 765/2837 762/2835
f 762/2835 784/2861 783/2860
f 745/2841 769/2843 771/2845
f 771/2845 769/2843 785/2862
f 783/2860 760/2832 765/2837
f 762/2835 772/2847 786/2863
f 784/2861 762/2835 787/2864
f 786/2863 787/2864 762/2835
f 788/2865 776/2853 749/2827
f 764/2836 761/2833 668/2789
f 788/2865 749/2827 778/2855
f 772/2847 763/2834 789/2866
f 665/2782 761/2833 664/2783
f 787/2864 790/2867 784/2861
f 789/2866 755/2828 770/2844
f 777/2854 770/2844 757/2830
f 755/2828 789/2866 763/2834
f 766/2840 789/2866 768/2838
f 758/2851 791/2868 775/2852
f 768/2838 789/2866 770/2844
f 760/2832 783/2860 792/2869
f 770/2844 774/2849 768/2838
f 775/2852 791/2868 778/2855
f 742/2820 760/2832 779/2856
f 766/2840 793/2870 786/2863
f 793/2870 787/2864 786/2863
f 777/2854 788/2865 778/2855
f 776/2853 788/2865 777/2854
f 794/2871 778/2855 791/2868
f 795/2872 777/2854 778/2855
f 770/2844 777/2854 774/2849
f 783/2860 784/2861 790/2867
f 766/2840 772/2847 789/2866
f 766/2840 786/2863 772/2847
f 797/2873 783/2860 796/2874
f 796/2874 783/2860 790/2867
f 794/2871 795/2872 778/2855
f 764/2842 798/2875 769/2843
f 668/2789 799/2876 764/2836
f 760/2832 792/2869 779/2856
f 782/2857 773/2848 781/2858
f 783/2860 797/2873 792/2869
f 798/2875 800/2877 769/2843
f 668/2789 761/2833 670/2787
f 794/2871 801/2878 795/2872
f 787/2864 793/2870 802/2879
f 665/2782 670/2787 761/2833
f 779/2856 792/2869 803/2880
f 777/2854 795/2872 804/2881
f 799/2882 798/2875 764/2842
f 799/2882 648/2774 798/2875
f 790/2867 787/2864 802/2879
f 805/2883 796/2874 790/2867
f 648/2774 806/2884 798/2875
f 805/2883 790/2867 802/2879
f 648/2774 799/2882 649/2776
f 649/2776 799/2882 669/2795
f 799/2876 668/2789 669/2788
f 667/2785 674/2793 666/2786
f 782/2857 793/2870 766/2840
f 796/2874 805/2883 797/2873
f 780/2859 802/2879 793/2870
f 802/2879 780/2859 807/2885
f 805/2883 808/2886 797/2873
f 792/2869 797/2873 803/2880
f 809/2887 797/2873 808/2886
f 779/2856 674/2793 667/2785
f 782/2857 780/2859 793/2870
f 805/2883 810/2888 808/2886
f 807/2885 805/2883 802/2879
f 803/2880 809/2887 674/2793
f 797/2873 809/2887 803/2880
f 811/2889 809/2887 808/2886
f 807/2885 812/2890 805/2883
f 779/2856 803/2880 674/2793
f 809/2887 646/2772 674/2793
f 575/2704 809/2887 811/2889
f 811/2889 808/2886 574/2702
f 646/2772 809/2887 575/2704
f 805/2883 812/2890 810/2888
f 812/2890 1078/2891 573/2703
f 1160/2892 1159/2893 1158/2894
f 1159/2893 771/2845 1164/2895
f 1164/2895 771/2845 785/2862
f 1158/2894 1159/2893 1164/2895
f 1169/2896 1158/2894 1164/2895
f 1167/2897 1160/2892 1170/2898
f 1158/2894 1170/2898 1160/2892
f 785/2862 769/2843 800/2877
f 1169/2896 785/2862 800/2877
f 1164/2895 785/2862 1169/2896
f 1170/2898 1172/2899 1167/2897
f 1169/2896 800/2877 1173/2900
f 798/2875 1173/2900 800/2877
f 1167/2897 1172/2899 1171/2901
f 1170/2898 638/2764 1172/2899
f 1175/2902 1174/2903 1173/2900
f 1174/2903 1170/2898 1158/2894
f 1174/2903 1158/2894 1169/2896
f 791/2868 1177/2904 1179/2905
f 1174/2903 1169/2896 1173/2900
f 1179/2905 1177/2904 1180/2906
f 806/2884 1175/2902 1173/2900
f 798/2875 806/2884 1173/2900
f 638/2764 1170/2898 1174/2903
f 1180/2906 1177/2904 1178/2907
f 1180/2906 1184/2908 1179/2905
f 1187/2909 1186/2910 1185/2911
f 791/2868 1179/2905 794/2871
f 1190/2912 1189/2913 1188/2914
f 1187/2909 773/2848 1186/2910
f 773/2848 767/2839 1186/2910
f 1188/2914 1189/2913 1191/2915
f 767/2839 774/2849 1192/2916
f 794/2871 1179/2905 801/2878
f 1192/2916 1186/2910 767/2839
f 1184/2908 1193/2917 1190/2912
f 1184/2908 1190/2912 1188/2914
f 1180/2906 1193/2917 1184/2908
f 1192/2916 1194/2918 1186/2910
f 1179/2905 1184/2908 801/2878
f 1190/2912 1193/2917 1189/2913
f 804/2881 1192/2916 774/2849
f 777/2854 804/2881 774/2849
f 801/2878 804/2881 795/2872
f 1191/2915 1189/2913 1195/2919
f 804/2881 801/2878 1196/2920
f 1194/2918 1192/2916 1197/2921
f 1197/2921 1192/2916 1196/2920
f 1192/2916 804/2881 1196/2920
f 1196/2920 801/2878 1184/2908
f 1189/2913 1193/2917 1195/2919
f 1199/2922 1180/2906 1178/2907
f 1199/2922 1195/2919 1193/2917
f 1187/2909 1200/2923 773/2848
f 1188/2914 1197/2921 1196/2920
f 1184/2908 1188/2914 1196/2920
f 1199/2922 1193/2917 1180/2906
f 1195/2919 1199/2922 1198/2924
f 1197/2921 1188/2914 1191/2915
f 651/2777 1175/2902 648/2774
f 651/2777 647/2773 1175/2902
f 1185/2911 1186/2910 1194/2918
f 1201/2925 1191/2915 1198/2924
f 1202/2926 1194/2918 1197/2921
f 806/2884 648/2774 1175/2902
f 1171/2901 1172/2899 1203/2927
f 1191/2915 1195/2919 1198/2924
f 1191/2915 1202/2926 1197/2921
f 559/2765 1201/2925 1198/2924
f 1202/2926 1191/2915 1201/2925
f 1204/2928 1194/2918 1202/2926
f 1203/2927 1205/2929 1171/2901
f 1204/2928 1185/2911 1194/2918
f 780/2859 781/2858 1206/2930
f 1208/2931 1207/2932 1204/2928
f 1185/2911 1200/2923 1187/2909
f 1209/2933 1185/2911 1204/2928
f 1208/2931 1204/2928 1210/2934
f 1200/2923 1206/2930 781/2858
f 1206/2930 1211/2935 780/2859
f 1175/2902 1212/2936 1174/2903
f 1201/2925 1210/2934 1202/2926
f 1210/2934 1204/2928 1202/2926
f 781/2858 773/2848 1200/2923
f 647/2773 1212/2936 1175/2902
f 1211/2935 807/2885 780/2859
f 1185/2911 1206/2930 1200/2923
f 1174/2903 1212/2936 638/2764
f 1211/2935 1206/2930 1209/2933
f 1207/2932 1213/2937 1204/2928
f 1209/2933 1204/2928 1213/2937
f 1214/2938 1211/2935 1209/2933
f 638/2764 1212/2936 639/2763
f 1185/2911 1209/2933 1206/2930
f 1209/2933 1213/2937 1214/2938
f 1213/2937 1207/2932 1215/2939
f 807/2885 1211/2935 1214/2938
f 1210/2934 1216/2940 1208/2931
f 1201/2925 629/2758 1210/2934
f 610/2740 1078/2891 1214/2938
f 807/2885 1214/2938 1078/2891
f 1208/2931 1216/2940 1207/2932
f 625/2754 639/2763 1212/2936
f 1207/2932 1216/2940 616/2747
f 1207/2932 616/2747 640/2766
f 1078/2891 812/2890 807/2885
f 629/2758 642/2768 1216/2940
f 656/2778 639/2763 625/2754
f 1214/2938 1213/2937 1215/2939
f 1216/2940 1210/2934 629/2758
f 1212/2936 647/2773 625/2754
f 640/2766 610/2740 1215/2939
f 1215/2939 610/2740 1214/2938
f 554/2695 642/2768 629/2758
f 1207/2932 640/2766 1215/2939
f 640/2766 615/2748 610/2740
f 556/2696 1203/2927 1172/2899
f 642/2768 616/2747 1216/2940
f 556/2696 555/2697 1203/2927
f 573/2703 1078/2891 610/2740
f 1203/2927 561/2941 1205/2929
f 561/2941 1203/2927 555/2697
f 810/2888 631/2760 808/2886
f 1201/2925 559/2765 629/2758
f 549/2690 638/2764 548/2691
f 553/2692 554/2695 629/2758
f 574/2702 808/2886 631/2760
f 556/2696 1172/2899 638/2764
f 549/2690 556/2696 638/2764
f 573/2703 631/2760 810/2888
f 810/2888 812/2890 573/2703
f 575/2704 811/2889 574/2702
f 782/2857 766/2840 773/2848
